0,1,2,3,4,5,6,7,8,9,10,11,12,13,14,15,16,17,18,19,20,21,22,23,24,25,26,27,28,29,30,31,32,33,34,35,36,37,38,39,40,41,42,43,44,45,46,47,48,49,50,51,52,53,54,55,56,57,58,59,60,61,62,63,64,65,66,67,68,69,70,71,72,73,74,75,76,77,78,79,80,81,82,83,84,85,86,87,88,89,90,91,92,93,94,95,96,97
0.32935011675540554,0.3436801862320016,0.3509187188638726,0.37196193382105947,0.36299994284431314,0.36957333217407246,0.3685730997467685,0.33888456313517407,0.33269572289246796,0.3205335558915985,0.3294561970109283,0.32205487650195064,0.3174232023572876,0.3166785801124086,0.3233063305728887,0.32014288802036983,0.3134679000036721,0.31248321628554726,0.31142743500558606,0.3293579719631255,0.3515903488662825,0.3548703271117855,0.3688814339999396,0.382653344558722,0.4015000337039917,0.4219756304255173,0.43751383239432784,0.4503811240600931,0.46625387404213176,0.47244296036662065,0.48132672466588794,0.4901484850620208,0.5025745483467922,0.5180292820241745,0.5329900840958139,0.5536843860482541,0.5744302442974983,0.5867852302772225,0.5973394512282171,0.6156873940800816,0.6256975647288657,0.6273630273820329,0.6195683521812204,0.6143820833086768,0.6003240128151739,0.5903136375118668,0.5723505910717908,0.5590714053729516,0.566522332803165,0.5838973147811122,0.6029499427145553,0.615942911242888,0.6257212054113488,0.6316419724729663,0.6371030114049026,0.6329390579267974,0.6239169907699572,0.6113268099818351,0.5936666890536116,0.5756040786273475,0.5560532485105494,0.5322847281997002,0.5171405448999388,0.5020366478269939,0.4909868978242842,0.48363758376358934,0.47078608502027974,0.46360819213804294,0.45133793260370647,0.4428582518490383,0.43337588243996,0.4157878914089279,0.4040157929660437,0.38782388202083495,0.37272561950856015,0.3596883894165105,0.34810042997198754,0.33471496793760214,0.32198573065873615,0.33423415108070254,0.3414398799582495,0.3226931723205429,0.30585184376594426,0.29426361022780173,0.2925252233227828,0.2958828364980169,0.29358479824984074,0.28767162946579994,0.27725532232010525,0.2667696686233837,0.27233165928230124,0.2863742549856605,0.31304411909698565,0.33112975797304406,0.32754121231444433,0.3540286601473985,0.3449891432802893,0.3368315702569448
0.32947737077707034,0.3396231884007804,0.35659573527601873,0.3639483340738133,0.3723125478487634,0.37025332928946875,0.3651606171860762,0.3590227711143598,0.3607659655980102,0.36474569774961274,0.3771442953444358,0.3738894981521549,0.37209767785481257,0.37032433919454616,0.3738296930595866,0.3577848337701391,0.3492832230759924,0.3496911437346948,0.3416574630838924,0.35340453974541697,0.376148439528552,0.3891772341056463,0.396276406084047,0.4054699733491909,0.4078602984349268,0.42656519968150414,0.45267250576561807,0.4573886238872291,0.4744490524755501,0.483089716286666,0.497485790752776,0.515192259729587,0.5302658549008068,0.5434149269163124,0.5553575048063664,0.574508046343989,0.5944063079635726,0.6126997178443764,0.6250660632071833,0.6412252795214703,0.6485822614683157,0.6452816500599106,0.634272678865538,0.6378267020946788,0.629722579125134,0.6205225243157468,0.611615663740895,0.6078770073210913,0.624441703283264,0.6453350523574096,0.6589190990353151,0.66737677955514,0.6710220504416494,0.6796710507238429,0.6726042553518132,0.6644651958134845,0.6496881542280143,0.6347632579008737,0.6169192335073391,0.6044178156091887,0.5942313171174257,0.5711164303339987,0.5539346233722573,0.5409784705365572,0.5278945245033035,0.5240958873138399,0.5126192249220425,0.5040811083315812,0.4916820336510214,0.47630078717988333,0.4613391170354975,0.44944974873488097,0.43606141589428415,0.4211340122020272,0.40461800048274565,0.39407564923876554,0.388757705361006,0.3715404570611984,0.3533093489425701,0.35732349008787245,0.3409352355438249,0.3295770405534586,0.3165740479338355,0.3101349822635315,0.3197406314285763,0.31653972054443913,0.3139334799944318,0.29118874882155443,0.2775079077129676,0.27974918138417715,0.295459232991429,0.30358644288121184,0.3295889612196723,0.34870621312085054,0.3540426801134716,0.35348755128804343,0.35952285925274563,0.35639441580236586
0.34166143456691134,0.3463563045039588,0.35749760849553375,0.3655599059029491,0.3716480136985212,0.36599006005256474,0.36020538402661906,0.344347893404079,0.3396646810613393,0.3363850320501342,0.34195643741466814,0.3438669437625873,0.3400090158871948,0.33671702832883627,0.3422140039722766,0.34081915058018813,0.35682990329963965,0.36390465063625194,0.3781078185730717,0.381605099526454,0.40177988315790847,0.4099391542961813,0.4170516895169229,0.42896493172086014,0.431755821862108,0.4602483697290527,0.474032244269773,0.4958244903269776,0.5031573149724891,0.508025539877932,0.51507229473757,0.5353663253677038,0.5476396525513297,0.5589806749198281,0.5765616836581752,0.5953875668650306,0.6108965705330828,0.6193776366028425,0.6310546551527054,0.6479870578197886,0.6538950107925579,0.6611148450231265,0.647549739892558,0.6459135631840859,0.635027694215555,0.6249064116408737,0.6186360113129744,0.6136838899840604,0.6232638101217698,0.6407045511526099,0.6538208655856615,0.6634508804482575,0.669719192562573,0.6659230566945444,0.6628282702357825,0.6569033869891893,0.6418255985029503,0.6255138418496121,0.6059044656453909,0.5899306525084619,0.5799070434966961,0.5628579111225144,0.5474180308743989,0.5351950580165582,0.5186697928972865,0.5058705371189237,0.5017018757980038,0.4822570382329312,0.46868173605560737,0.4541070848535453,0.4428779180851367,0.43375223676693503,0.4259854693142943,0.41804963303156095,0.40770493690258675,0.3980004920570372,0.3885748209733376,0.3779458297633165,0.36196993797196897,0.3676914327666593,0.35925454584135635,0.3448910848630136,0.33571124337686453,0.32372329334734784,0.3175716398244688,0.3083114806172389,0.3012909723299084,0.28848278452967163,0.2764164939218571,0.2857408068289974,0.2898593406745912,0.30944999280634405,0.32396402422421344,0.35214362463029764,0.33322982805988227,0.33347070971741194,0.37152205921503045,0.3768238370643058
0.32318810243064744,0.3262421717929782,0.3370519613197619,0.34679011772184104,0.3437996039668704,0.3406247673760121,0.3301109212735238,0.31942999690788487,0.3058910117448836,0.3052360639589066,0.3137693331389464,0.3182755901022792,0.3201401091120299,0.32774488464324664,0.3268053869294738,0.32025381565412886,0.3213014065364808,0.32231036432919646,0.3239352114733888,0.3294096221897856,0.34470511432513573,0.35952943051014685,0.36484298957413486,0.3698289508641624,0.3797729146300144,0.39936761286923433,0.42860179140144467,0.4458192569406604,0.4627836506636435,0.48405749715831536,0.49877767172399445,0.5085212679457124,0.5189537667065739,0.5368592316176956,0.5487716864137816,0.562725762216473,0.5762535908854327,0.5919366573784611,0.6048730995036201,0.6202159393303006,0.6270355836402705,0.6276427907431608,0.6202250066815695,0.6172218254792617,0.6144929208525789,0.6047117996709243,0.5983727238146738,0.5910602930598362,0.5998560540504788,0.6072752527516609,0.6184285097991533,0.6270473531886258,0.632246833483952,0.6369141034486301,0.6400870171195489,0.638818977871397,0.6306827045270132,0.6115879318368567,0.5950613976195532,0.5748919483951249,0.5700715525748848,0.5526331904239624,0.5398440345331725,0.5253778087972133,0.5099225012024535,0.5030264124320303,0.4889337956301319,0.4801047937008652,0.4665978072395368,0.4559267237123837,0.4430515479734872,0.42566278360761456,0.4071184702897392,0.39061145968656336,0.3789831504196712,0.3645497564237403,0.35589622879033755,0.34655996316511767,0.3393510321374833,0.3358798005240673,0.346957963664042,0.3419490906579271,0.3207821350628208,0.31549908774035074,0.3116506441923377,0.3072958374334462,0.299475563210535,0.2888000298586562,0.2726778811433463,0.26505674366578613,0.2608277987785718,0.27881762167648344,0.3084532271972624,0.32309330666761266,0.3230167244519431,0.3182668037989429,0.34071759290696774,0.3381873174137669
0.3471561456251195,0.35288953555912844,0.3594600075258035,0.36559191399505137,0.37093757656458337,0.36227035667809393,0.36631447970274195,0.344138633881745,0.34513621495216834,0.344603378531175,0.3457792883185959,0.3572172657127946,0.3559614932080216,0.37305619285685454,0.3909848122538303,0.40957160282920296,0.4022016543516482,0.3947240917568057,0.40326159527930094,0.4079048109339206,0.4213671567027509,0.4443420191444352,0.4471554740661844,0.46132927877213553,0.4568383965448908,0.4763802260531865,0.5008245443982259,0.5166252126429625,0.5317687992277639,0.542476777962926,0.5544293001854481,0.558092931284271,0.5648903691565009,0.5723011599095269,0.5847107725349191,0.5962485283107227,0.6197928431976443,0.6345551944507857,0.6476983580508282,0.665526359672148,0.6745570259058957,0.6771735487147252,0.6633721041114788,0.6479579298077988,0.6382520993351927,0.6246615948395703,0.6241808186747607,0.6204938620870417,0.624115021535192,0.6368104154637744,0.6487396741550682,0.6605410518685927,0.6739439358534574,0.6807464289809946,0.6784039121310028,0.6768648990737736,0.6652289843568202,0.646291170609918,0.6236985101818728,0.6138835748559219,0.5946116066829541,0.5734541808604297,0.5537183789935337,0.5426927743246858,0.5294394622210963,0.526678501474526,0.5160996572353354,0.5041533521699753,0.49651043239187376,0.49437159598400326,0.4828402163020351,0.4747132765465338,0.4706019744153424,0.4620927626957604,0.4500461228070828,0.433600837880342,0.42138766937587135,0.410088626745944,0.38351420682362913,0.3800417419987615,0.37280918431955207,0.3513500120008448,0.34994392778614714,0.3361262752897219,0.33398720154600275,0.3301446421045584,0.32336830878989165,0.3074305139918573,0.2907616759918212,0.30463505575754185,0.3033700852536019,0.3274793950931821,0.350372479463146,0.36123826463298886,0.35078972029470734,0.36153266051936106,0.3890714025771961,0.3938738481276272
0.30251597712276107,0.3084394993026076,0.3170094929575871,0.31874504156954564,0.32365180537116184,0.3298019142280832,0.31738490563606186,0.31658309779901334,0.3065268288174173,0.2986328767644482,0.29425333725252834,0.293091728370713,0.2915293156895033,0.2870095009939593,0.2939108316868834,0.304878898961665,0.3118928220925196,0.31141464743196046,0.30966252064039446,0.3212780131623944,0.3527819277164901,0.37072546820943303,0.3802432753534458,0.39297878230473726,0.3879389104597775,0.3983470340720967,0.41705749739175146,0.428304750999272,0.44374563779038734,0.459751094966646,0.4756311948861584,0.4838283464545329,0.4980036915276857,0.5112466853144446,0.5158202526249527,0.5320699431287975,0.5477037371815565,0.5706218200317326,0.5855908234738649,0.5906177704726402,0.5979932693854335,0.6054533456356574,0.5977463393657839,0.588743692413009,0.5769908113218788,0.5646989646217595,0.55278617985283,0.5518453799169812,0.5524660726937877,0.5616517784817168,0.5775306934860633,0.5906892926742814,0.6040832434074077,0.6140008650222595,0.6161308938211081,0.617854528688038,0.607602624163659,0.5940413282731049,0.5699077341467031,0.5538888133007317,0.5352721160009075,0.512636183085594,0.4982148595083498,0.4905006595810494,0.4810842030036937,0.4719969144270164,0.46262621868201326,0.4490456111955284,0.4367214743172528,0.41892070283835314,0.407445465966276,0.3895592911872287,0.378940713050124,0.3640716257592268,0.3497051309473014,0.3412151399330976,0.3279193829921669,0.316443353271208,0.3119885850224438,0.3182535330110769,0.3091438051674915,0.29110337821394794,0.2788007176358221,0.27265604940878296,0.27906451760542555,0.2865220111401616,0.2866719479637335,0.27101098877018287,0.25522855356683755,0.2497684149376316,0.255193615848778,0.271057014472206,0.29851958231620657,0.31984793786312166,0.32134582948924445,0.3293033344174417,0.3470203063495814,0.3519355198699676
0.3235903199038139,0.32428947059469265,0.3274820398605017,0.3400046740979335,0.3341382148103505,0.32529964175418674,0.32072722570975737,0.31396103610063086,0.29455984634544713,0.2956595526781436,0.29666597073499246,0.3072714417845054,0.29931857480490537,0.29754949454426444,0.2953455028980179,0.302263128971527,0.30735500806611205,0.3049170685073207,0.31426907840511364,0.3254176002439973,0.33742311002551406,0.3566407725797339,0.3824209646549401,0.4036401508287706,0.40298256446779895,0.4247479809663122,0.4392027737722992,0.45889451519876606,0.4664738860536869,0.4806721556838328,0.4928754606062912,0.50127844754997,0.5113298108261036,0.5229714821154398,0.5415190076921316,0.5585629021325073,0.5804282564079818,0.5946887620928584,0.605908312380223,0.6171971902376668,0.6308888247933852,0.6304502579408111,0.6230854587508382,0.6146701705918758,0.6092221361860559,0.6033176866217648,0.5915355642262279,0.5744637200474745,0.5717253192966494,0.5795242056532531,0.589313559427248,0.5989242957800738,0.6091584607364813,0.6152739059855561,0.6294042537984208,0.6292760851122675,0.6191502209404528,0.6032861912119235,0.5891186162446154,0.575062357387961,0.5559011534473494,0.5336656049417555,0.5140648468952088,0.49584542697591744,0.4836640641412248,0.47554034869208633,0.46358082353688207,0.4503967398152072,0.42963220256604706,0.4213265171299887,0.41442729885045776,0.405439827779024,0.3915217078711755,0.3834151725902544,0.37157432077992714,0.3552023505850815,0.34685430818094726,0.3349922205505307,0.3200678639534496,0.3268172549293999,0.3360879415403191,0.3149600543203148,0.29267162244747913,0.2896282585575444,0.29762987432886806,0.29236105825837283,0.2805390418200092,0.2684637376166407,0.2463282868677348,0.2503102933897325,0.2593731856677653,0.28055055742595836,0.30760394228205806,0.330555572349688,0.32398185187369527,0.3335348278161651,0.35473084618711415,0.34794814793030804
0.33920198965443227,0.328737518701234,0.34102045653140967,0.3449203898059731,0.3458382574613977,0.3431795848469936,0.32481069281023983,0.31599095024179186,0.30226444323476753,0.2970482722445432,0.3056201793854379,0.30596189189518413,0.3081470279788767,0.31253174301251324,0.3166773881092864,0.3240226687754307,0.33086041580426023,0.3386046743659837,0.34680445383255354,0.3616596901671853,0.3918345445405564,0.4145208240206215,0.425546283204127,0.4319939271947436,0.4274149482568763,0.4428893090772797,0.4535154374381129,0.4713979239484389,0.4831390108837239,0.49533787775904026,0.5019584107539375,0.5147551626884077,0.5223818726466036,0.5302278934091945,0.5396423143922511,0.5495340321065731,0.5646203027775155,0.5742868955780793,0.5900526582014429,0.6073822355279034,0.6180030500152909,0.6205108490794728,0.6048691038522149,0.5977054184790404,0.5897205634877348,0.5848861252023251,0.5824648901103286,0.5847455130596276,0.5874122123190784,0.5929999885969474,0.5952583013871735,0.5989838858254374,0.6047071565520211,0.6082773525352729,0.6120521178827345,0.6092549083268345,0.5981619061907485,0.5838829541617137,0.5680116337386911,0.5572570774934668,0.5411012940139484,0.5222835588253082,0.5086700803655295,0.5020243250551176,0.49092247075283973,0.47899376744619754,0.4739441454808118,0.46100965522004894,0.45366601970200526,0.44890976564117496,0.4433375748902656,0.44075635825256754,0.4371029235882,0.43311551486791783,0.422037000604867,0.41476702531364457,0.41057090666322726,0.4013858346074185,0.3855176594465458,0.37721577031352566,0.36758190661105494,0.34485692321326494,0.3252489058542421,0.30903968988549285,0.30365136123732145,0.29710507360113425,0.28494771586106526,0.27130640655263405,0.26072575143625204,0.25820343268380774,0.2591928233675121,0.2755348010365368,0.2879956806128104,0.30765529123069846,0.3070417075596637,0.3210575474981375,0.3452455740630952,0.3320197883717638
0.33453674344241907,0.3348319085707242,0.33900361803376533,0.35178535167292385,0.3558658180065122,0.3461937118598382,0.3459621360798979,0.32615615674934567,0.3165686620693013,0.3122100893806034,0.3168880942753484,0.3213695065905029,0.320402191300029,0.32181301861047934,0.3197645354708237,0.31882034684816407,0.32159109378176864,0.3269343410385712,0.33482790643491195,0.33804435293260754,0.3598378589556626,0.3718193517945784,0.386128859108598,0.39046922133799894,0.39739653030444055,0.42345829034800014,0.43475378397723075,0.4470827754028852,0.45809266343265453,0.46913015609897424,0.4828224797087831,0.4910787336155849,0.4958247518428785,0.5192924771486513,0.5340094277854917,0.5575472896879334,0.5777516607303752,0.5873366413468413,0.6108872914909264,0.6254129602543544,0.6242368697573332,0.6276313451223504,0.6113224681095425,0.6134041512144888,0.6111353658700187,0.5993895726117041,0.588383975554601,0.5815264021382576,0.5869021480088895,0.597502483838985,0.6120499145832935,0.6205257903009891,0.6276497817248383,0.6325453508981532,0.637721149222416,0.6347151087199732,0.6276643061544511,0.6075993156874888,0.5864371600662192,0.5735442222683458,0.5570205779396349,0.5404374605895372,0.5289006869242416,0.5138862754931535,0.5062220912842484,0.4892559400157687,0.47513958863040223,0.46202473427191854,0.4500778022942563,0.4418210372344579,0.43540227326575265,0.42605556937595845,0.41864315067799246,0.40637109486520473,0.3911866924224452,0.3773090033882406,0.3593037950377493,0.3467253124948948,0.3398884147147762,0.33965422136042583,0.33055444917469795,0.31885148953242715,0.30840023095911173,0.30156667272190724,0.2996107421272962,0.2999092565686312,0.29143499861196526,0.28474670369674254,0.2695708661758406,0.2562837639078676,0.26177175871065844,0.2780168532871296,0.30435030235385807,0.3213392022272522,0.31672124045007927,0.3341958609075989,0.35442351965680546,0.34998640775008494
0.33337976655897733,0.3432571938908366,0.3488067179805626,0.3672775839622143,0.358299787373804,0.36683433333898974,0.3679787014875952,0.3638845882790805,0.3422698668170148,0.34157083284672535,0.3369740063539948,0.3358553337775642,0.33566907438437166,0.33314381626883766,0.3404909150512945,0.3427543419739104,0.34119298420183,0.3483316797775491,0.35266773467677925,0.3712974694009512,0.3867141889221416,0.3982748862446111,0.4202760547682772,0.4102759007840992,0.4146278963207342,0.44491675794302904,0.45567624138100526,0.4709453520716236,0.4808763430357044,0.4874045161268799,0.49709227979583454,0.5072757820680374,0.5224380493095305,0.5450485953672713,0.5727026777031498,0.5886831095897975,0.6058717362135037,0.6185401394364056,0.6366974762158129,0.6411820286636087,0.6440276250791649,0.6471207390865642,0.633822505314145,0.6392402746632041,0.6352993522196501,0.6261504292695387,0.6160687691361595,0.6088227123576964,0.6101571693535779,0.6236433753645404,0.6381451477437832,0.6512258296860808,0.6618939072096962,0.6644008814899913,0.6624225094980504,0.6614684324962568,0.6533451290403246,0.6351211748542712,0.6237683759907418,0.6065206650485834,0.5902579763553236,0.5707899403391713,0.5580682642446024,0.5380674583019681,0.5196814655807713,0.5088003028213919,0.4942582009334905,0.47616185450344334,0.46238741526895816,0.4495735525133479,0.44287747317552906,0.43286878691989306,0.42396913899783334,0.416563382040254,0.40534736195022464,0.3966492741285973,0.39114900322860274,0.3717067007214288,0.3621041089240182,0.3716881798925956,0.36061480213019137,0.3434663708450352,0.3343484544377816,0.32053431391166487,0.31703909850514406,0.3106599463931245,0.2999624314111784,0.28895879039863454,0.27677118151426905,0.27972777428850765,0.29276908369906934,0.31845886302576515,0.34017374381678034,0.35733377008291684,0.34865355523972097,0.3425051233741356,0.3590170780041997,0.3530129507532021
0.3422738668691591,0.34415924517698954,0.35403505314842126,0.3549483230973058,0.35457670852074463,0.35588188741692345,0.34721814953737545,0.3411582949595573,0.33761209452296914,0.3337826561026124,0.34612474128255294,0.35080938962408864,0.3605657082723304,0.3688988118360649,0.3848810754506604,0.3889893150861798,0.3833136225155416,0.38093416252490137,0.381452830530416,0.3943475491170779,0.4183611339911297,0.4317069344769394,0.44624447403402834,0.4601933605670143,0.45267349032207493,0.4781503439212409,0.49197135876957593,0.5036799108818257,0.5167931208876383,0.5343382667276296,0.5490674477269676,0.5566891325460306,0.569247136229543,0.5863633741084979,0.5960810933983715,0.6213180662482438,0.6338523086198065,0.6351401740064299,0.6443370425101612,0.6523253586537267,0.6621034020557266,0.669864897172392,0.6606250514391935,0.6479690054432825,0.6452838761252118,0.6417088217296735,0.6394410273219866,0.6402870009159333,0.6495266072928948,0.6584634696982596,0.6690130812882448,0.6730039808276128,0.6802045062307147,0.6851873320624754,0.6848238820617265,0.6782291330145447,0.6645385519463657,0.647920442665376,0.6296497928281375,0.6177902226968041,0.5972943778544948,0.5859495515736377,0.5731693305912312,0.5696792304141073,0.5669916066337456,0.5527204330292304,0.5369910349130042,0.5283477637380879,0.515145431684429,0.49624208030377503,0.4849786915593691,0.4708947189657731,0.4633261731970561,0.4513589583472021,0.44270038460211536,0.4287058621493055,0.4229099405107469,0.4108396129748629,0.3898897543829993,0.363197982258172,0.3634396970215549,0.3596695725146643,0.3354808024109711,0.3238387097897435,0.31634153270459214,0.3240192290757023,0.32648469917944284,0.316222532106538,0.3059356637652469,0.3002299976551723,0.3027657422908613,0.321817232328032,0.3479847482425349,0.35987765345935147,0.3487214101190037,0.3308603430786583,0.34880387173210664,0.35194528659091445
0.34242045232707446,0.3543719529870054,0.3564119545888527,0.3624659125080677,0.3627416069972077,0.3523802290650092,0.34784236883806297,0.3342060820724615,0.33309657255366926,0.3367481618401964,0.3494128919904601,0.35337523284323297,0.3631390668683426,0.37285556755880206,0.3785452725929744,0.3754751557926531,0.36781395333195593,0.3662828156862896,0.3717567807632758,0.3749199646355349,0.40030814884108407,0.4133697377549655,0.42416168649411273,0.42846580639573995,0.4325055265842877,0.4544800897734319,0.46903507999865535,0.47701565330718126,0.49230730953070206,0.5082376198027315,0.5193270291953578,0.5378521110722029,0.5543488694094326,0.5735871443202826,0.5923614150243008,0.6003958235708308,0.6176183312759523,0.6353834849921669,0.6473334789978262,0.6604315136527631,0.6646499823029409,0.6712199175789039,0.6605936498095191,0.6523472197056317,0.6389203663616181,0.627353132038503,0.608040489292134,0.5962355996808446,0.601905102000584,0.6166458591452627,0.63937843096376,0.6571835548400389,0.6677134994079985,0.677028456582253,0.6814874081762847,0.6737371085077324,0.6584262532910705,0.6386887993798315,0.6193258386584182,0.5982880231461013,0.5889015985816227,0.5687370424785056,0.5474206203967111,0.5364594304060312,0.5236577256492231,0.5114660269894948,0.5026525121233185,0.4897044432261412,0.47823554105433413,0.4686578439783019,0.4608662752705748,0.45997199163146546,0.45464205949881115,0.44497780596573466,0.4303548701415968,0.4184018795900304,0.4080713101907173,0.3860241964956593,0.36791354086401296,0.37257827717544256,0.3591608910333053,0.3449532014512979,0.3356097001529676,0.32512294762618715,0.3282970485973646,0.33145043551918313,0.3276012071772232,0.31243861056217587,0.29525164511660595,0.29517722638079047,0.2922539204600398,0.30940053934518613,0.32810481083295084,0.34758812342243905,0.356780600147902,0.3690431119705928,0.39774155195373256,0.3859848064472136
0.31444344364261934,0.3297550120991354,0.33229217679921497,0.3467986906573186,0.3443306691778081,0.3456121126767261,0.3388620539446961,0.3341082750361556,0.3237772809217742,0.31555429202021656,0.3148117271856664,0.31656184631210454,0.32093599322199057,0.3163352272127259,0.3085093958359891,0.3077704406523522,0.3148658525519578,0.326319797360787,0.33349116001958434,0.3348079192426712,0.3487362765858986,0.3614449662555316,0.36747274378047295,0.38156585504454654,0.3863696587123227,0.4085891686939308,0.4248879334494546,0.43740323111031415,0.4511431777602639,0.4657435758857431,0.4806437903441837,0.4969866197036696,0.5095963961610365,0.5273824628528029,0.5456044327961147,0.5633287449278616,0.5789928746680222,0.597341589710996,0.611600744656324,0.620270412016429,0.6299880487205911,0.6332873978475312,0.6176203929851078,0.606963489035425,0.5970607615939301,0.5876411028837437,0.587590616968198,0.5865487915500706,0.5809242114593575,0.5910303370684665,0.6075420972599532,0.6208472331542181,0.6346958684012444,0.6400710805779002,0.6431663865865324,0.6413759124358832,0.6281956603819978,0.6056029176588653,0.5937252308822731,0.5749607126044711,0.5591359241046895,0.5390213869401235,0.5228766888751296,0.5053666340691948,0.49069047639195046,0.4744308909650389,0.4637768278746504,0.4507978052580521,0.43937781758650735,0.4230880831377267,0.4157299181065564,0.4066669700593405,0.39973074253426766,0.39507419923703463,0.3848102874530749,0.3788224513515636,0.3726078956216155,0.36349505640184854,0.34859624947403756,0.35200577954306533,0.3382950489359497,0.3270069643258093,0.30910796521499045,0.29791652589184475,0.2998495423336795,0.2981286293374529,0.29034286863041403,0.2807090566163372,0.27183452079181897,0.27458175965582926,0.27485327917435504,0.2853534370222078,0.29155021274250803,0.3160688627789446,0.3210243394771644,0.3250962915283556,0.3474984159027841,0.3408504751064206
0.3246550108663782,0.32653106553851874,0.33796469904507653,0.34568942384163115,0.34528940647592443,0.33668800230810225,0.3430821218965463,0.3277700815765593,0.3303709485344564,0.32682740832244533,0.34080147432211766,0.3472142736569957,0.3523300872397371,0.3508267748122727,0.3612136581291341,0.37024288738293215,0.3684796863600829,0.36668038720555046,0.3772628942927197,0.3794924028707756,0.3935325153520152,0.41906813071176047,0.4318019670752519,0.4394693468764328,0.44021428965090065,0.46379647549049857,0.48140688821815353,0.4949323739122777,0.5097858644500504,0.5130445789256068,0.5300402498684312,0.5325991848089138,0.5397350876000265,0.5543245719014921,0.5714728502804955,0.5852503695860753,0.6097321343780246,0.6216107033582647,0.633918690732327,0.647509379022081,0.6553252141426087,0.6545188877790457,0.6449971724732573,0.6412024565206113,0.6320129975073013,0.6234800969960631,0.6091570475613849,0.6075507472743948,0.6175498625632724,0.6345980875203665,0.6487195494483153,0.6550433572907193,0.6573418221638425,0.6579173361852985,0.6608607079598975,0.661713943393378,0.6482123899388793,0.629867240244632,0.6137425110378402,0.5959948141922813,0.5782153043181409,0.5571120334851489,0.5389607750637219,0.5348535359498064,0.5242505019017647,0.5073673076314569,0.500597079880584,0.48457477819019046,0.4716156822042082,0.4639626472174279,0.45776447836356815,0.44712277016130286,0.43841859486799145,0.4272102240563052,0.4055416916707264,0.39884107881866143,0.3952717100228188,0.38903792183947766,0.38944781014070246,0.3870508675318432,0.37254113436517433,0.3502378274807114,0.340216672197668,0.3292488332420569,0.3276907765560558,0.31643268437165023,0.30978250851218975,0.30206088352431143,0.29268237376818607,0.2971688155675915,0.2919302951006908,0.29952827147086447,0.3273076110098258,0.33172899753884927,0.33709561122288834,0.34731909946929734,0.3477694584841676,0.35440781935953813
0.3372719425733894,0.3488858762279236,0.34420076275187894,0.34788710367536174,0.3414483554709475,0.33841089762530224,0.317578100350465,0.30694986398547625,0.29321935181020287,0.29115174362197666,0.2995948360764956,0.3073803282944976,0.30683736374213233,0.3079335219389675,0.32741563823238734,0.3382179514183955,0.3366577315676151,0.3424473312650782,0.3446404422087525,0.3487185901443016,0.3619709988602976,0.369779450028664,0.37586948022586314,0.3866948721066027,0.3924351643227272,0.41242361237098496,0.42838565062281114,0.4438060432664304,0.4552342221669298,0.4725465258365311,0.48373103874107215,0.4967033082046848,0.5046346439350615,0.5167037939662454,0.5293030505158434,0.5453437951608378,0.5637356892073303,0.5813358658046429,0.5920741333023524,0.6011645646810451,0.6090517395801557,0.6158903264307235,0.6040695467707073,0.5943333629285985,0.591915304194462,0.591818273180015,0.5888669129220192,0.5841389405868603,0.5850317231271527,0.5947466847386553,0.6055268933958221,0.6143936390917961,0.6252156974456003,0.6327531801754055,0.6379341396131365,0.6340939145549085,0.6166732291450229,0.6064456789758279,0.5989087123043216,0.5814885521035058,0.5586793970246619,0.5319366033550902,0.5108108230632388,0.492862092903838,0.47997373657148784,0.4682546498060468,0.4530687084229273,0.45077208295841553,0.4328710941374232,0.42754388992919273,0.42087631422167776,0.4079959880069132,0.392786517310917,0.3789492292854935,0.3674637198600431,0.351645605733682,0.3498716455232042,0.337305431453017,0.32630991351611394,0.3261432386919056,0.32746756221407614,0.3142214672729142,0.30411741312190327,0.29659632110939926,0.2982103029437104,0.30640836317467124,0.30347098823034174,0.2963178388115363,0.2737283158704277,0.26707571618382536,0.26879829400612565,0.2811051785135161,0.29255642679632937,0.31413251467404013,0.3275787440968449,0.33767316048049034,0.35802185233203804,0.35641413124707727
0.34710498229039555,0.350949642768398,0.35668340167196383,0.3726120495782152,0.36503741009788687,0.3747416950065516,0.35661930527599367,0.35179583780061496,0.344499508586772,0.33656854839219724,0.3491488753140961,0.35767931731413755,0.352035023382595,0.352193157423274,0.3475857620507144,0.3487335403072655,0.34724606611335235,0.34778039992208853,0.3505783934705662,0.3524674525262834,0.3794980299199566,0.396872159847617,0.40447084803800265,0.4146420434484364,0.4193121922077963,0.435935756110597,0.4580035555907735,0.46922551118641725,0.4874304098549007,0.5003715520081004,0.5087962404892254,0.5231766128176746,0.5452759938658929,0.5599405314114094,0.5738403492471882,0.5906688138431246,0.606747925606849,0.620793966863574,0.6361040703657169,0.6456644706524711,0.6440081056293124,0.6539565051215942,0.6433110436837651,0.6391735350436809,0.6339060867651973,0.6222924760593823,0.6123682722581129,0.6112769431749902,0.615553035343222,0.626820130704507,0.6362646523453167,0.642851094685312,0.6481903072151343,0.6557222475946487,0.6583176837209117,0.6558651873032081,0.6420779525347102,0.6228892049913411,0.6021890432613803,0.5914380592000245,0.5728921371534058,0.5564298156336633,0.5456421494302929,0.533083586691906,0.522244175528912,0.5169689230656166,0.50835197589567,0.4927508313434451,0.48018017915465777,0.4689737523651935,0.45090604465121936,0.4343923782415936,0.4193003653374247,0.405931699406324,0.39191585031538223,0.37447999964782064,0.3741096952247325,0.36447603811293583,0.35391946824851805,0.3550189712677334,0.356279329087177,0.3365340105686848,0.32353369923012204,0.312608942936393,0.3186173152881557,0.3220007216351896,0.3177099220025901,0.30242820775495727,0.29201829359372233,0.28858930419480494,0.2876707717169376,0.3153726327901644,0.3396141076078964,0.35569070093624977,0.35759776692176426,0.3377992022707445,0.35935686362682245,0.35408126666769996
0.3239561384795938,0.32539054789563665,0.3224519195229699,0.33226191349472606,0.33129723453843907,0.328743987758492,0.32812787324085474,0.32257651661573905,0.3201745496145463,0.3247161867253232,0.33245730734116097,0.3360374400782992,0.33486281075041485,0.33391336759037693,0.34974860455342704,0.34696881298044857,0.34783780443004414,0.35194723259879246,0.3652310874858797,0.37747494365024786,0.4046458632418425,0.41651507103627455,0.43652567264417647,0.4362007161930553,0.4345516899203021,0.45936378300886543,0.4740229227417281,0.49232593353081205,0.5072913127709449,0.5214282968638053,0.5310097263307653,0.539705702743003,0.5567655069609834,0.5646490511998961,0.5747428379302596,0.6007147011709613,0.6199965448264081,0.6275834881579934,0.6361181217443846,0.6412744158974572,0.6340408667810071,0.6415757631008195,0.6372555417576081,0.6312414450302366,0.6244221973812142,0.6227567097496917,0.6203200272770522,0.6218750971725068,0.6279012209062583,0.6348303725009148,0.6463190158389273,0.6520264718732148,0.6509207425606095,0.6540347295544754,0.653369947011354,0.649765465589096,0.6328849076764185,0.6199488726806153,0.6056167719457678,0.594945050913339,0.5897584078258264,0.5745592040056344,0.5600831438082877,0.5509845414731606,0.5394561207886541,0.5283544535321696,0.517877278557568,0.5014355021275148,0.48880298655259985,0.47556172095776417,0.46080186774201665,0.4484619393204073,0.441109368373962,0.4379172970338707,0.4270365312117884,0.4152353293541516,0.40427505262493607,0.4010291655730944,0.3826829496152628,0.3812506103674141,0.3638730397808508,0.3418110303259373,0.32185250124451326,0.32086923859070887,0.326981550330759,0.31743967562913594,0.3007297737815357,0.28172119492926656,0.26955722355320383,0.2795971875859829,0.2956538746217833,0.3067294935728125,0.3146221393967476,0.32260077123465547,0.31350903901666166,0.32111025942324206,0.35318460010343694,0.35339263059518167
0.3401834061327718,0.3532182728152229,0.35638698453876294,0.3752580831891969,0.37179016968668976,0.3678175414920008,0.3642419403298593,0.34710983588270006,0.3377537275458587,0.3417675735807621,0.34016474375481875,0.35052614248494146,0.353374979288378,0.3548285990229059,0.36689256238242574,0.37734299642729424,0.3932080241792959,0.39741793929153046,0.3950281829616409,0.39154143580740686,0.40256131735829326,0.42535995053265574,0.43463454385369593,0.44590796462180726,0.45117584738555294,0.4616225363978502,0.4864206389540284,0.4983775397110912,0.5056939510455476,0.5125188074521972,0.518666975692081,0.5303905575848191,0.5412587785173683,0.5515849395408697,0.5673088345593441,0.5828772122256443,0.601083202416158,0.6088513028392015,0.6299035803971299,0.638341293369036,0.6444439900085964,0.6504365807688086,0.6418952360417551,0.6306889443086854,0.623485080864747,0.6147334518467693,0.604731600244104,0.6025769785506728,0.6070937459409042,0.6179969625052341,0.6303381667257086,0.6388418825598311,0.6495243133331485,0.6564007953516052,0.6631528367358422,0.6579571805735412,0.6461195726103433,0.6254720758324401,0.6084376503492654,0.5911536327743356,0.5798645906648758,0.5567283736892363,0.5403501432609039,0.5334468991367184,0.5224098559961412,0.5145850750427099,0.5060964970954106,0.494930167268279,0.4904903921324913,0.48035173485111526,0.47997723654231367,0.48162177985352805,0.4749282826384893,0.47089734563438607,0.45678964316625537,0.43787540901458527,0.424735558657288,0.4043376839366258,0.3847880477387902,0.37716598366674736,0.3721081909756446,0.34978431151736245,0.3175669278092125,0.30089583247126733,0.3042820722944866,0.30966185111407013,0.31733808520141915,0.30904955709910126,0.30541629205046367,0.3110267788322827,0.3149090750617594,0.32183485007801693,0.31947732470034806,0.3199238806151449,0.31765705681643047,0.31481955765916253,0.35805832428715006,0.3577887230620034
0.30599349803797926,0.3149499865591332,0.32639170585321337,0.33103812041934705,0.3339222830166243,0.3301758013732044,0.3195258100829665,0.3086657000847037,0.30209802329672586,0.3029586603379748,0.3107102847544449,0.31824081594208925,0.31620634340312315,0.32306463878274194,0.3381506851298087,0.3460966403874809,0.34903173592050046,0.34882506298978394,0.35304632625226484,0.3586192775684072,0.3722580788644301,0.3883554793029101,0.39745708619281134,0.412762913621342,0.4107461146539264,0.4262089244866393,0.4458319631039353,0.45762745318221926,0.46616242273785313,0.4821051416865272,0.5028657686229691,0.5168679197311509,0.5329250423996768,0.5461549777077747,0.5661891998839238,0.5811613870181134,0.5996606259688577,0.6015989124561284,0.6145171497400611,0.6207910392756869,0.6330590452218409,0.6363716727085033,0.6255142923278508,0.628061911675895,0.6189973724828468,0.6185674863551651,0.6171661103891409,0.6220846775696727,0.6287456360435794,0.6338769123061025,0.6416173806837195,0.6475064486089465,0.6529333562170869,0.6543966254621957,0.6534433127780288,0.645035245991027,0.635379190325286,0.615131443811691,0.5986976896028372,0.5720710700300081,0.5587231821019177,0.5419208263096033,0.525265393100864,0.5143566871234225,0.5020266323779933,0.4906532442310823,0.4717238723754576,0.4582521759482501,0.44459730824103966,0.4352500720828064,0.42340463744780366,0.41595202415550325,0.4086886219338264,0.3993790621638269,0.39435594331062407,0.38099243609589134,0.3798606879738584,0.37094682901744513,0.3664561727305092,0.3614364091299417,0.34537732299111445,0.32852693006289463,0.3051338161675095,0.28446321585782897,0.27986059464551494,0.2706138476297124,0.26802770095196365,0.25791482208853433,0.262596854090074,0.273338914740221,0.2771308129189026,0.2840805060778977,0.30656271679743163,0.31613106878133174,0.3107937484902793,0.3231562600697727,0.3701150382215509,0.35904325644418755
0.32257137754245907,0.335299250672296,0.34187662940133734,0.3406109800468659,0.3422189889981313,0.3430834579662918,0.32797811021446643,0.3157726785583156,0.30427354392977674,0.2996175453793218,0.30825498954189967,0.3145642661430718,0.3198455504554699,0.3190140392652669,0.323470455291043,0.3185408493355139,0.30438563077006253,0.3046120690458839,0.30208856236600856,0.3130290813567883,0.33649751176507886,0.34897854729655314,0.36157393727311626,0.37889024554887607,0.3916466472321409,0.4102511579090548,0.4294021881128454,0.44675165284094703,0.46134869855199967,0.47226950956494046,0.4901210170436433,0.5075616988683973,0.5199768676402923,0.5314800452561627,0.5492664662080956,0.5685408833636589,0.5846301824526028,0.5999817979789119,0.6121519214321991,0.6217209858109528,0.6298085459652633,0.6404104364849457,0.627208295759751,0.6232979648662895,0.6103661443479416,0.6000916863988255,0.5900814592190924,0.5813415723656815,0.580643234118993,0.5836028683019792,0.5956259350321232,0.6099441503009073,0.622224266518691,0.630003209055401,0.6306777214792045,0.6258638497722938,0.6093191273548083,0.5899947755185349,0.5761653096589391,0.5675747606248382,0.5476058671309152,0.5302289393993621,0.5220518873535167,0.51006212322525,0.49768064209066626,0.47774413615112127,0.45810282562393145,0.44181150729703406,0.42940855306308895,0.41610257118296656,0.40649153117792,0.4003203420624842,0.3890537956193629,0.3781154910953815,0.3717604738378786,0.35528761898931566,0.3456899073588379,0.3434890435137269,0.3254535119774776,0.31688319323952546,0.30904794401029734,0.3039601999993374,0.28883504097932006,0.2813459742130059,0.28108814796503434,0.2810410779076225,0.2754153617782117,0.26454068650140705,0.2529245189902648,0.254469282973156,0.27062499942449486,0.2925763117521073,0.3144418913565455,0.32542305450196585,0.32576184584418927,0.3354547052237657,0.3528085167081725,0.3477410053330431
0.33316245516383414,0.3413466483740645,0.34694189253196944,0.355881532520932,0.35678403154523813,0.35352118571066254,0.34202395245296263,0.3354694955924653,0.32561037791642566,0.3274422192248688,0.3332798689583474,0.333344949657193,0.33577834221597436,0.33767841764129014,0.34478788137750765,0.3665504279528751,0.3847806541415253,0.396496551941722,0.390756225542883,0.39056571615423935,0.4100085863412796,0.42349548189630737,0.4299068076830176,0.44416856108717495,0.4454661542924899,0.443132298561789,0.4697204996045844,0.48092112187702346,0.505391343625174,0.5173045135873895,0.5271560697085245,0.5460657878394336,0.5533401294255876,0.5631387471115363,0.5815884900921925,0.5967610307967435,0.6094568837111913,0.6165353176112068,0.6244238530891848,0.6317013061312471,0.6387119009083455,0.644820675304415,0.6368119518710388,0.632945809297968,0.6248174799159067,0.6160126571430724,0.6093723798272097,0.6116274906426088,0.6238945642842733,0.6392331637077302,0.6552389391111229,0.668539172590252,0.6731451786497544,0.6713992180847764,0.6661650308180329,0.6549824671821836,0.6395059425570123,0.6217592396319976,0.610506418741659,0.5939015035702315,0.5817204013067212,0.5700061022192817,0.559702184098366,0.5437488440296593,0.5307004622906771,0.5137120381897364,0.5005747794824422,0.4912098006892129,0.48451997368506,0.4737276615945316,0.4646544570540555,0.4578565511245117,0.45527225332180665,0.4489005056925027,0.43602340514019616,0.41655627171028337,0.42349962805235064,0.413685418917168,0.4021474267050471,0.3990036682753514,0.38056648133915144,0.3545645123636654,0.33871842639871275,0.3255411427622092,0.3227496982520898,0.3179029063115322,0.3152141975934488,0.30407716523783884,0.28949783956113234,0.2777139705788864,0.2833839504799211,0.3013743991427336,0.3288229663552752,0.34530426695547733,0.3427048538719263,0.34309834281005386,0.3765552236357844,0.3682194382550392
0.3093804604289388,0.31725762368710975,0.3259831312959814,0.336876653501962,0.3417849182861438,0.34744602150669457,0.34153206497018856,0.32455036178427976,0.3160446985725195,0.31262314757527865,0.30543584007475527,0.31650247052747005,0.3151510375021488,0.3243855733475653,0.32419129952634085,0.3352611443368486,0.3279604227712285,0.3245183707045537,0.3312231799158788,0.3365158026468581,0.3478574288507296,0.35728700429334537,0.3779691527936245,0.3800752331420007,0.36677443497061496,0.3844940304408364,0.40195443830912,0.4171546048393985,0.4308831923905884,0.4457139057465837,0.4659292503443223,0.485316808704534,0.5015149308312056,0.5240187088484572,0.5371996049034585,0.5501008829538967,0.5627148754861464,0.5719574103805353,0.5787355710222942,0.598443998129943,0.6072905044057363,0.6069112141462274,0.5968758985733129,0.5994368249114015,0.592665190855832,0.5859591452124606,0.5887769067384362,0.5811152106978623,0.5747713781075107,0.5787137600224682,0.5802529869919358,0.5924166321660236,0.6001578279777768,0.6122378481589406,0.6151724818660939,0.6110673837510493,0.5954883035272751,0.5889036777170158,0.5680180322694339,0.5497145305339464,0.5292307657218308,0.5077640726124651,0.4980956219956444,0.486193597960442,0.4702805298854119,0.4668011241490542,0.4530330388707992,0.4438166899376977,0.42937498824104176,0.41463280642357353,0.4022843608400191,0.3895955433439174,0.3728987705653176,0.3571594289689919,0.33990614035094646,0.33186591148118527,0.3294799948073507,0.320506460458895,0.3153728061864945,0.3362447008963164,0.3328539371924953,0.3180339967591888,0.3081116925127492,0.3059548661479581,0.30189671227076564,0.29502763200125415,0.2900951050730818,0.286509822260189,0.27039534231070567,0.25998877230733786,0.26144942554863915,0.2834949833079215,0.30222110275918,0.32349430131614865,0.32472683773294425,0.32307739652135226,0.3510477028470912,0.33631548691035046
0.30700007933821266,0.31630751733298473,0.3244179128674272,0.3316118383839777,0.3234477571559988,0.32498334320296235,0.32339202024850133,0.30989750895130425,0.3121920537543752,0.30772555343071206,0.3123677478337235,0.3106652325645234,0.3070503508812637,0.32105450030079474,0.3401745075080957,0.34382142036106084,0.3375221388789756,0.33602369043386154,0.3238737112943968,0.33353929792121306,0.33838980854460204,0.35468191879669086,0.3582658004352408,0.3656302999635511,0.3662317968672066,0.37317855994934257,0.38261199078749686,0.3929828695195076,0.4096572440267684,0.4239047023691571,0.45397005995187834,0.47493018948159377,0.4983589823739797,0.5117794188787528,0.5225551668166382,0.5364651355651696,0.5507607250066825,0.5623698192687607,0.5736170122151192,0.589201968153872,0.5923394877881579,0.5943700614314668,0.587830322598609,0.5879608512050284,0.5818053161141156,0.5735205026715868,0.5665794772228621,0.5625598441599022,0.5622216801109223,0.5680645652196924,0.5778802789492686,0.5890950398810793,0.603941069749288,0.6124926536085564,0.6192261615316945,0.6113734413975438,0.6008262469452108,0.5846389036118704,0.568259296217478,0.5453185403687488,0.5296895670659779,0.5141710741965078,0.4957086909010756,0.4876939009807644,0.48547790696982696,0.48012712245498024,0.46680755406297186,0.4515590042138372,0.43533170938999177,0.4163868023727148,0.3994493120734392,0.39095284858478313,0.3819300509144376,0.3735269420884705,0.3594726520063499,0.3470834217662666,0.34165806144380806,0.33044575656507835,0.328839803750047,0.3242067976344012,0.32568315465997394,0.3102396950613698,0.29599620328891374,0.2836180589993844,0.27887624472533656,0.2670624565729802,0.2670202802197168,0.260653382004498,0.25402419940717047,0.25969023440912126,0.2608010959247566,0.2751666075565564,0.28482718538862306,0.29891776535622266,0.3051328043056544,0.2990653437032644,0.32519561392983104,0.32110544600927854
0.34569112672573554,0.3525155560538863,0.36186985646061887,0.37656536966449605,0.3773535917677365,0.38153112263367367,0.3673704315171384,0.3639779178559492,0.3414021285929887,0.34091264172507096,0.3365312272769884,0.3342798656088445,0.3422020343881145,0.34610782964702436,0.34816304197761794,0.3428627206075961,0.3530048481139198,0.35537846192748807,0.358822052937066,0.3700053755052414,0.3936437285483339,0.3978063832892005,0.4185755799906384,0.4177718786148371,0.41994223184376495,0.4402570851832617,0.45515055362751966,0.47419450684456704,0.49144520925163726,0.5012451558524051,0.5109558438666847,0.5221243742818542,0.5305409028230075,0.5453862995479984,0.5583987147061861,0.574502232446186,0.6014513988439424,0.6144369726261795,0.6292542988451879,0.6376388698959785,0.6473847114719821,0.643374295578224,0.6335356747990468,0.628380705225456,0.6247173957599677,0.6207887114463808,0.6196576284266124,0.6176382980733771,0.6196837276760031,0.625174500534325,0.6375679420827599,0.6500154331911531,0.6622744648934934,0.6676338397347815,0.6649040839926051,0.6532280456628893,0.6385773326809132,0.6195561551107226,0.5982667758019377,0.5845972103882401,0.5722755118431427,0.5574322943348181,0.5447906239794639,0.5291121354729035,0.5207938540454204,0.5188607969238918,0.4999682843528081,0.4891886534909503,0.4822542442195226,0.468950607181685,0.4583256160207379,0.44679920892656194,0.4385896500641134,0.4325419011074088,0.4146094642694864,0.4025470375897559,0.3953254166789391,0.38793416725880575,0.37746988744227467,0.359201086246383,0.3591215429314852,0.34811749002778325,0.33396256834243326,0.32897592467618125,0.32786534580750687,0.325241895467666,0.3241545884192461,0.3086383406275356,0.2986007319086951,0.30763971525650163,0.31347779785796814,0.3187017389785233,0.33065870853565144,0.3383083964974651,0.33517264087865734,0.34842351432591206,0.3643285083674457,0.35603151887279355
0.3259603735052336,0.33360236388139436,0.3422326648688287,0.35197263066535367,0.358185214456836,0.35212502938351253,0.34228220173001733,0.32920208995522343,0.3149085105593244,0.3258045793940631,0.3309455548092908,0.3465476180556456,0.35400906129514914,0.3543582219683637,0.3588993418882357,0.36738414229545857,0.3713282466780815,0.36590195014487775,0.35839280892480063,0.35455102097791524,0.3743738032768296,0.3802343349161458,0.3973342604229349,0.40307344894796227,0.3980116348938077,0.4244406618925256,0.4430299532647167,0.4610950121336429,0.4687626339118566,0.47774669675497233,0.4911314598203928,0.4969085126366356,0.5205615604886393,0.5328476679425342,0.5535249927064746,0.5691922017398385,0.5864788487832444,0.600340407826424,0.6053499326331733,0.6133288772874512,0.6170132981760552,0.6114782575723605,0.6005658730729606,0.5995341952425812,0.5943558004738981,0.588613780487138,0.5845156867406353,0.5782688245109371,0.5774540086872716,0.5878116517232079,0.5980221064335619,0.6069911291345167,0.6191032070334475,0.6321041744594644,0.6355335263474874,0.6298775856806664,0.6182574949858964,0.607765992231395,0.5946850481759214,0.5758049428319645,0.5573041291772086,0.5420044264255928,0.5254508396691052,0.5148390250206978,0.4941362783300192,0.48141154612049114,0.4760813778249556,0.46563812308711205,0.45237397566020127,0.4519137390946,0.447936456447147,0.43697366010789424,0.4306399897583507,0.42215908340517205,0.4124790452374679,0.4050163242463108,0.3970558802836944,0.3846398386667906,0.3645952203017944,0.3567327329970114,0.3495729584638051,0.3370787046654356,0.3175620657655326,0.3110270500824345,0.3106941237334665,0.30741492316655816,0.3043832169931652,0.2916403978376028,0.2838500988786561,0.2804237419772137,0.2943720281143324,0.30598805894848163,0.31480154725733145,0.33358313089000285,0.3375523691972468,0.347695545173932,0.3645634186036804,0.3579121482863639
0.29656709660033137,0.3055717783230152,0.3107238622819726,0.3144104023926841,0.3125379799075912,0.31754934151650605,0.3073386321155725,0.2956702281661451,0.28745881362989184,0.28793547679157494,0.28515677954197444,0.28984310468662894,0.2856630184333671,0.2788527993322456,0.28478915389255827,0.28425066012153344,0.2810695906747803,0.27314219521697347,0.28551013965252503,0.28434586770045234,0.3136913715077314,0.33473356442585567,0.3503881883219526,0.36821627836758186,0.3895495244155889,0.40488787660405856,0.431016715754079,0.4423890799463781,0.4608784802735406,0.4744217428084148,0.4836638880545136,0.4947171576266348,0.5008750582474301,0.5055882897866943,0.5134406360303222,0.5239183620005058,0.5426277791457561,0.554080139834645,0.5707795576124465,0.5847925061488214,0.5954765577000027,0.5965523423482546,0.5897719794031394,0.5764354512708572,0.5629458053516968,0.553574081688317,0.5435970907139155,0.5361332492540396,0.5370775068062086,0.5477111814500807,0.5580131884691051,0.5693603007850708,0.5845534648630003,0.5944455418960211,0.5970622149639809,0.5945325861296693,0.5852696065467999,0.5672126591767513,0.5620733929254791,0.5512991098483816,0.5419481622411769,0.5302392276036793,0.5098457189905845,0.49328250297174325,0.48556870299242744,0.46613689796740687,0.4582722441572991,0.4463953339384308,0.4371174837834442,0.41801245629412137,0.399656044421593,0.3838454170371548,0.36704159998685537,0.3517637884055555,0.33370208246011934,0.3187919022110757,0.31258187047368696,0.30143928189755553,0.29936995107818826,0.29515990717335355,0.270645158123341,0.26992535596673706,0.27922681120078086,0.2812988969340478,0.2750894282618665,0.2707406934416737,0.26913978337946187,0.25471487486206773,0.24496874806170865,0.23939824662728007,0.24681933622259175,0.2624044677085642,0.27075458521581486,0.28995422403022647,0.2920716654838038,0.2851878310997515,0.2895167373113743,0.2992324966268737
0.32296516272530607,0.32728634891818165,0.33493469337763143,0.3366098111550401,0.34058001682873196,0.33978538264865915,0.33928937514817453,0.33505640692843286,0.32204267055729746,0.3221085845295025,0.3246761311560557,0.3380415047658271,0.3337935918755205,0.33354314585020944,0.34157604119747426,0.34679860367606474,0.34395601875234044,0.33281782807928956,0.33126035888834304,0.3489681756214308,0.3775686484453467,0.39090301705613456,0.40433894460190767,0.4159876543958295,0.42599487044023215,0.44845879360885166,0.4625435017990884,0.4738820528367395,0.4875711849962339,0.4952877250691481,0.5000220247658336,0.5075848419382604,0.5194356264685432,0.5341046286736927,0.5383809413021914,0.5506092271533213,0.5673185024070594,0.5836769691612123,0.5958944442017872,0.6082693051469887,0.6155455696653204,0.6231039680688666,0.6141666556905228,0.605968540751371,0.6068216186802278,0.6003768339102113,0.5877302304236136,0.5815020369855193,0.5845806224009444,0.5905347458523357,0.5993148859072547,0.6108405938901448,0.6234220324347116,0.6274522782468757,0.627113122503243,0.6194602761883186,0.6040110555896634,0.594723134793423,0.5798746820653928,0.5673001501652932,0.5472317720520659,0.5292323280819505,0.5168049655722735,0.5081034513162859,0.4899221083143836,0.47362966275962154,0.4641557622838696,0.45491834290819383,0.4426425609726318,0.42456492423560194,0.41015129349657553,0.40232249575533624,0.39415197499137106,0.3925061561719212,0.3871649924876224,0.3770425977011974,0.37354003894444,0.3567814502809024,0.3380815943723572,0.3400788491281668,0.3341983512895499,0.32108756016194007,0.3126821461267542,0.30936909206668256,0.3075261162974901,0.3010093774905306,0.29450350451166407,0.2856204474287676,0.2780645608969806,0.2794143405010653,0.2851060612819857,0.2862925954481739,0.3120702562481894,0.33987720269794847,0.34373090628900066,0.3474808361021836,0.371286878037826,0.3615708575405552
0.281151176911396,0.2841050337146066,0.28839627221194686,0.2937174449491557,0.2979458118343932,0.30090776833453886,0.3017329364806023,0.3050269473048673,0.2941928079412868,0.29222149988525303,0.29821127090847754,0.29771409587912345,0.3059365193434926,0.31022078454565344,0.32350040154929033,0.32090238825603634,0.3087456727728762,0.30264013177509747,0.3022122879578856,0.3189581178505857,0.3318456722932663,0.34252949511569286,0.3588061284469769,0.37042926508724927,0.38568976192763293,0.39951749951709864,0.4099534897663104,0.4218088507533488,0.43402816976086966,0.44141548929143126,0.45491991006707344,0.46258112165347687,0.4721409740221312,0.489785780070949,0.5045689263108357,0.5185736698963601,0.535994957521996,0.5507827974919841,0.5666097394639791,0.5826700948022454,0.589569848997231,0.5961444517910972,0.5857218637524675,0.5782363358451024,0.5662752505473241,0.5579922769269859,0.5513873665876372,0.546834192793692,0.5558454393666663,0.5662661811322539,0.5812857996341276,0.588227788292866,0.5910007188071328,0.5954821945102313,0.5921933168350889,0.589525920916066,0.5820404177514488,0.572450608364146,0.5578511769656509,0.5407948129118283,0.5255776960920056,0.5097914756325888,0.4939663866408631,0.48716118930763064,0.47687275895544906,0.4696670254498856,0.454697334498006,0.4442478608117215,0.43223322484525073,0.42355920583770007,0.4115052443110744,0.3951124764907293,0.3794257366167899,0.36978885540516354,0.3589680854560215,0.3548794906277538,0.34895017604433726,0.3367143797706946,0.32307949458683005,0.33291146556487333,0.3266194930128465,0.3126066104080474,0.3039422648858702,0.3052575380100373,0.3067038807156486,0.30543029202877087,0.2909987941885494,0.2746531354688279,0.25062731012829265,0.2504697726801122,0.2597985601739946,0.2682833486254466,0.27610252937296526,0.28221655643988586,0.26794675358551023,0.2780368752900315,0.29384953776574285,0.3000033957298712
0.316961446462825,0.31998966970298665,0.3332019010313526,0.341241511975262,0.3405339505359411,0.3406649529973389,0.33348241903744313,0.3262585257505186,0.32082573103360684,0.31629194674808075,0.3171328373074317,0.3218599733291359,0.3134568882959524,0.3236986072454285,0.3271758617681181,0.3341700912258008,0.32471643642759196,0.3237715027944208,0.3317603537976284,0.3446061029298213,0.3690893406562757,0.3717087601435032,0.38340860190059456,0.39497958586011395,0.38906003372189174,0.40220122647834006,0.414527870873836,0.42930551102165354,0.44160496942130856,0.45288106627180313,0.4669197377718263,0.4811836984858912,0.49564385317729,0.5195308528715538,0.5404102190056884,0.5607637677924181,0.5741184180769496,0.5887890124295887,0.6024835700881443,0.6179558245536024,0.6203682285742688,0.6309559655164434,0.6269463901150699,0.6193802294437774,0.6164234504860661,0.6139037047249644,0.6128244277686369,0.616664438117133,0.6172053745160396,0.6215086314547614,0.6223056671861141,0.624399530686009,0.6320875469146414,0.636526638267916,0.6411567762044643,0.6383007447823172,0.629140399581382,0.6067017175069636,0.5929667379033077,0.5757531642358624,0.5548250495169408,0.5351683492428326,0.5123138124169124,0.49570585274480694,0.49444091065244977,0.4795964198983758,0.46686560204595623,0.4597352879406572,0.44826133531294565,0.4394931844242261,0.4266741458678559,0.4180068113217484,0.40933774518727145,0.40257386967510095,0.3923930925060352,0.3840327944767552,0.3787392458511079,0.3661966643954217,0.35376714614282934,0.34827883455405,0.3455742831330284,0.32566457066080806,0.3141060258757859,0.29911831281634843,0.29269651932608504,0.28336891543470855,0.2795978229369751,0.27213783168365696,0.2519251577551701,0.2468629833621384,0.25685928869942004,0.27202238724006733,0.2907617693841744,0.31412260409830495,0.3143567792743091,0.3331909924188648,0.3633230275703356,0.35491735839640737
0.3138590101522547,0.32575377998804333,0.3294072715679513,0.3489255088201682,0.35330492428897486,0.35983745437316605,0.362784046911423,0.3549982389278021,0.33783701783859976,0.33077119457298154,0.3232902174557103,0.32484048585436603,0.31833127766460667,0.32612709910195153,0.32318336941708725,0.33365076762181894,0.336257672948539,0.33655078788489057,0.33166403284285534,0.3465040767184149,0.3690086195089692,0.3792221763021757,0.3903643613708324,0.39192935796725775,0.3949391592709281,0.4227424380012624,0.4350336450448428,0.454657611753598,0.4705927707990449,0.4857203127100805,0.489615825105129,0.4978281293272335,0.5075918489586388,0.520675116632952,0.5363957445158042,0.5615384731815986,0.5847903481723641,0.5942738772910788,0.6057679509283207,0.6176577264709153,0.6224206042661758,0.6256807721317075,0.6248048108039961,0.6288740879901642,0.6304816408325593,0.6213051503224137,0.6096704295189461,0.5977127664885802,0.5948567962358724,0.6041165501627734,0.6115853798695446,0.620122075144405,0.6361051644585769,0.6448622858750043,0.6492725504482255,0.6452358057395329,0.6307527296844169,0.6062342538766692,0.5859644706038489,0.5741380322109656,0.556420333008553,0.5387665307418811,0.5277645876738772,0.5142412269204084,0.5080672167768276,0.49871433120647446,0.4908498077747239,0.48173738320623366,0.469681275097722,0.45946334888638446,0.44539168249738353,0.4316776986290167,0.42191490969942896,0.40792421915486754,0.395474947312096,0.38095490646667846,0.3707454408148356,0.3624181081566464,0.35966434975456746,0.35913722259661635,0.36159043402713664,0.3419286930570987,0.3265380703483878,0.3125114341114073,0.3069177834524895,0.30407107514527254,0.30091823186992056,0.2921688638066188,0.2736782677984831,0.27072807199697824,0.2700846369685704,0.274543136014584,0.30127255423127947,0.3212602635134568,0.3150343821036802,0.3283688526040426,0.34473555577651177,0.3384565940977325
0.3537400898300396,0.35899038824449214,0.35751568999905126,0.3748610944624046,0.37057198288414306,0.36977474635574326,0.359272482774363,0.35916558115719455,0.3528543617208234,0.34579691339804025,0.3470103116677712,0.35098052861055135,0.3481058372230528,0.35598713749204625,0.3625667419196624,0.36271501207283807,0.3670880622215367,0.35989148622337686,0.3549043151417334,0.36475152612976736,0.390952139937,0.4125793125161786,0.42593017406158656,0.43683869552701293,0.44765676584885616,0.46296969191126064,0.4911075219138896,0.4994192107928437,0.5228451998216764,0.5376828054087239,0.5496640574614069,0.5624352652008368,0.5712909503499544,0.5871938015488585,0.5926144932304449,0.61268689732294,0.6242806672241747,0.6397825231850327,0.6517544135630899,0.6595818763572701,0.6724896055387953,0.6790956081768817,0.664215071506683,0.6666740560271943,0.6618157538342699,0.647101221611431,0.6387424293601116,0.6383015984199859,0.6472274543574044,0.6589755104492189,0.6689815061082004,0.6790421477604205,0.6860442510215656,0.6922933453661155,0.6913186156074009,0.6869073515402013,0.6704689532778912,0.6531632365730331,0.6397793404523349,0.6200037942606739,0.6017131830256817,0.5867406074529179,0.5674546782153713,0.5584714562122212,0.5523474530948189,0.534640795840174,0.5143156030406204,0.49202805831187174,0.484584552380076,0.46842273247142147,0.461740158739638,0.45911724558887457,0.4482315172577002,0.44133089562005245,0.4310472852895786,0.42037952240104015,0.40670143523885177,0.4001644961876282,0.38705998735210306,0.38563386892540047,0.37507066663233857,0.3543763061671391,0.33491380662334413,0.3252194070491816,0.32461806994873155,0.32418871334771365,0.3240832478938087,0.3019282103145903,0.2946549852368715,0.2986937344308257,0.303621310273285,0.32941879840419436,0.34203054821431417,0.35788617824184055,0.35501168557041934,0.3602868658488634,0.3645052817474764,0.3698791127240861
0.29596885207358786,0.29602471436298444,0.30420569822665894,0.3132090643452924,0.31508450757720463,0.31814398391288345,0.30925073096845,0.29572120335668245,0.2828168615383586,0.2696053495463864,0.27579313057771204,0.27481917274765627,0.2808126545646775,0.28684777611929085,0.28987299814962186,0.2851413846070027,0.28146391516312785,0.2864400406071431,0.29812588050630995,0.3101012367036016,0.32817588697692207,0.3299569215805265,0.3381981733626502,0.3451658386740132,0.3494331359901985,0.36301902614541914,0.3830545503713337,0.3974871339364718,0.4164214172446128,0.43366325683366647,0.4489081806870426,0.4585999042617052,0.47518059311112176,0.48748747834438977,0.5008078030906196,0.5238650528682472,0.5452979985882236,0.5657895034362989,0.5765259024935316,0.5887182967434038,0.5983371869617041,0.601044479765948,0.5895705189755392,0.5906182750824844,0.5825990299534785,0.5743948125901358,0.5648535785854565,0.5620852921180128,0.5693709728372403,0.5719084708832529,0.5791523364810087,0.5901376478243298,0.6043616022014665,0.6127690997352452,0.6181037830470755,0.6133971770218902,0.597589637096978,0.5780051583108297,0.5518160186531144,0.5372318097430053,0.5163380190124212,0.4989105417172728,0.4812110648350094,0.4568590989783635,0.4406777496853217,0.4314743619624218,0.42341599351613857,0.41095847312617206,0.3975162851645817,0.3873176514917401,0.37271803358921934,0.3583893525272482,0.34631457848119374,0.3408403910846949,0.3280395126706605,0.32193267881051324,0.3166130173585513,0.3062413437541084,0.3035275662785835,0.31066914246745364,0.3163446592236848,0.29426402981796856,0.2802431277002221,0.2705455104019686,0.27213347579383534,0.2756958138992845,0.2737478264657455,0.25864700725674694,0.2412456250953476,0.24762236020975553,0.25555034487139583,0.26366615606645794,0.27662399325124304,0.29213717749513873,0.2909453484228341,0.294235792921854,0.31010174281964287,0.31219988280225425
0.3389153897048447,0.3494383456401341,0.35336485014339414,0.3755552877464608,0.36302629811564174,0.37558000498993566,0.3644454634414845,0.3593178214862881,0.36351997083895093,0.364226148979114,0.3655138784275284,0.371301781845032,0.3705757016917847,0.35476872934039977,0.34755761747863995,0.35435548072767276,0.3614567545821919,0.3665958479774933,0.3626071835469674,0.36018782883352984,0.37646243161690424,0.39331766276138885,0.40210082760307514,0.420980900231656,0.42729145232373655,0.44142537885762473,0.46605763800934247,0.48238910171032784,0.4995096654948836,0.5202342388254425,0.5375675102237822,0.5551138362384189,0.5773412874398721,0.5926633354128917,0.6058244040928102,0.6108944324192933,0.6299330145256948,0.6357821913196969,0.6508841461781492,0.6579141580900403,0.6650443590375378,0.6607725732436155,0.6513004724505244,0.6507300147688504,0.6462702998762564,0.6468306606520569,0.6545250278617624,0.6636406442396161,0.6630962179510539,0.6651418785024987,0.6701705739419486,0.6732291768729731,0.6814619777348505,0.6778752762207512,0.6798293715760687,0.668693228380735,0.6487187001227611,0.6239144632810567,0.6102745281697703,0.5997794677951408,0.5851963562521377,0.5721337213693685,0.5641409623890589,0.5497149552462296,0.5434024624426974,0.5291927840748856,0.5131544113170138,0.4984781759806224,0.48326867884071273,0.47409932449201814,0.46753615757113726,0.4551593609952002,0.4434686960355255,0.4279097745778708,0.41254780772154137,0.40364322211728104,0.3963902392654669,0.39096223675150577,0.3799279713986437,0.3843364296493684,0.372702690392468,0.35895763039336026,0.3413331296098487,0.3336181190282578,0.33556788558050504,0.3386119361327723,0.33656616256842137,0.3297997688965723,0.3094004947798773,0.30350032079757794,0.3073172393773779,0.324412355334918,0.3351252333642124,0.35334795530650515,0.3472252367841904,0.3596795862748478,0.3918677479228632,0.383780261026773
0.32820278694197086,0.3386602057860412,0.3465920194440473,0.35232189745353365,0.3555048058718666,0.3601396693559391,0.353150861304717,0.3320251648684247,0.3144925317538283,0.3093753132876147,0.3112573191835447,0.3213054224108517,0.31298783655689044,0.32355128054364846,0.3312457843442933,0.3325600749809245,0.32638391173368086,0.32983669702641505,0.3310166277884633,0.3360026595491206,0.35853618279726107,0.36931336527316366,0.3781878901783564,0.3883247135250973,0.3957876769026044,0.4162441972403144,0.4408148002324436,0.4597114583990414,0.4789828435418513,0.4936668688819552,0.5066743472502632,0.5150160499572388,0.5243220346773072,0.536619926358286,0.55519399323166,0.5668795808429324,0.5823031976227775,0.598676794782602,0.6085468269186284,0.623103763950853,0.6263371610965519,0.6223831760226036,0.6075360749966955,0.6054598562940785,0.5980028977224501,0.5896481062101219,0.5836027876676592,0.5781980988723131,0.5812337034493875,0.5891253908626116,0.5985626937039903,0.6070404540766301,0.6147394367466518,0.6249876312374051,0.6309590734020556,0.6258336573177892,0.6221627899311526,0.6067843633418185,0.5936185643245973,0.5776022659013481,0.5642611302016622,0.5492172420030985,0.5325278747636221,0.5175706269308745,0.5091361749270886,0.49863707717599515,0.485183891869148,0.4722617461923592,0.45758788665044087,0.4418611618552552,0.42786065749365104,0.4101163386758701,0.39610764087671146,0.38390494698592553,0.37066119719488205,0.35318228732619944,0.3526690784069863,0.331924050151945,0.32773022357189885,0.3436905538397376,0.32597496441836427,0.3042336094464868,0.2941176424647213,0.2954287094688017,0.30455687351813443,0.3002374681372316,0.29509022003705326,0.2794078039267051,0.2674436378177913,0.2826853257607294,0.29577534709934084,0.29255958454815634,0.30194647032203087,0.3203523036912063,0.3230755064013394,0.32816697172306947,0.3672634420522304,0.367465481261108
0.2896502005606456,0.295614018967053,0.29782797535240946,0.30218132699932526,0.3064161217978336,0.30179487443247843,0.28950431305621177,0.2808806504984768,0.2710803057371447,0.26497630578281534,0.2712186625171591,0.2698349046766621,0.27424089710243305,0.2811848830886186,0.28636876213448736,0.28346564222269377,0.26971770836521086,0.26690010222409927,0.2787407803701239,0.29049319536584534,0.3076750631332775,0.31919689032830534,0.3318826613696227,0.3427058471281416,0.35147443589301697,0.36744150593897706,0.38382875424330976,0.40219462955252977,0.4209088536053871,0.4314219827400478,0.45207980016857297,0.46376997739909337,0.47907667043009433,0.49183806158196264,0.5058834272904301,0.5198602909102439,0.5197166269209695,0.5321518871929718,0.5467689637620065,0.5551118711992034,0.5573653499405624,0.5657982315333572,0.5581803947571897,0.5385266668197995,0.5187969999699161,0.503822322885945,0.4953725981931547,0.4952136486783547,0.49636857060565376,0.5038689953197959,0.5120371324601096,0.5284013882778277,0.5478219250684053,0.5653748779979552,0.5764000934375262,0.5763508412640793,0.5627939652148638,0.5455788399951622,0.52677542140121,0.5118774379730147,0.5030297717264619,0.49152904919189894,0.47352392917540087,0.46656890325040873,0.4550920221623368,0.44525971821001886,0.4397775568117812,0.4298885508522544,0.41962835300578655,0.4093098643251579,0.3964790320356903,0.3796981452936837,0.36320605780420245,0.35353985211106426,0.3380825906357572,0.32933917972220333,0.3221869722415959,0.3171180706561642,0.30890794159346446,0.2982352997591199,0.29957118400842886,0.2873482505195907,0.26762116422018906,0.25177281001090857,0.25674958694014516,0.2588547696544905,0.26468367793843994,0.26143411127549354,0.2493948144000261,0.24997958204897183,0.2572479934284051,0.262436223235032,0.27592188422178,0.28825749264986167,0.2822226328235091,0.2929109293236304,0.3059160576650637,0.3093203210897268
0.3430078904619511,0.34586228626920257,0.34437740714612086,0.357253693220412,0.3553123318959328,0.3590682449521248,0.3699113319834678,0.36188107321321544,0.3572692135056532,0.359674405859888,0.35707483121302014,0.3563603964145863,0.35896052817641505,0.36034783665150216,0.36603994044413585,0.3695588403460453,0.35626155697667805,0.35264030831385484,0.3527351311312456,0.36393480248128046,0.38638764593819025,0.3852222268110913,0.39403082370305326,0.4051854533261102,0.4097775578893195,0.42043785825801633,0.4352935197263552,0.44984007712659113,0.46631505055707617,0.4812709320819311,0.49327823565877926,0.5090162407425797,0.525034742937876,0.5345733263624194,0.5471807514457014,0.5645868695296734,0.5805192866774922,0.5948160842587392,0.6138846018521711,0.6280936516720265,0.6339890851593613,0.6374594311015923,0.6291024672549819,0.6267889579279393,0.6222631725591481,0.6150671603282752,0.6094984418767113,0.6034840253015356,0.6101149436012148,0.624093503800429,0.6382851629823982,0.6490211205320244,0.6522251884107076,0.6519785654850019,0.6513854710968279,0.6462618888890028,0.6322318653460369,0.6122765732235612,0.602339778332874,0.5899073376460854,0.5729042678683269,0.5494631901684282,0.5297652669877165,0.5095531519949723,0.4959776038824686,0.4762118093085784,0.45855399210427294,0.4565913569186929,0.4466087355885479,0.44413973630663073,0.43836989292851375,0.4352507476134143,0.43059916359099626,0.4211400091068204,0.41181361720988285,0.3975358139924949,0.3809775027060836,0.36109132771324415,0.34266525028885647,0.35291237243050144,0.36319958183280726,0.34786558008402274,0.3348539271544547,0.3287942414833373,0.31905403928232307,0.306645092328499,0.30534097960888523,0.3001243501338364,0.28809400882117164,0.2873982534067808,0.29712038052678696,0.32570629038003845,0.3484548525099941,0.36789894582724575,0.3668501339542358,0.36887395263702943,0.37194976040478983,0.36762493395569096
0.3275133078713987,0.3369622874781952,0.3515603507971321,0.3555645017429387,0.3568538549618931,0.3590481235140646,0.35306908699212214,0.3407873340724293,0.3268105511223494,0.32089832446823846,0.31364668418037606,0.3041042205028589,0.2981644966621837,0.30110742410778024,0.32156733214411964,0.33598695901100073,0.3353928692494954,0.34097791079541984,0.33682624209234635,0.34823049532956857,0.3782336764944292,0.391051330805382,0.40022211983871087,0.4040105983769812,0.40198200961552966,0.4211194021120183,0.428382215123402,0.434500500030544,0.4456575791232026,0.4589027567274455,0.4673109082153962,0.4786124573386034,0.5017659516999806,0.5232720221709428,0.5470198035851744,0.5711484229285526,0.5962275957729448,0.6135220507144589,0.6271780689516335,0.6389658480050252,0.64984573421264,0.6479713100467844,0.638195931439849,0.6310046918943588,0.6234994370122446,0.6164287948021366,0.6095768048151593,0.6034363533494788,0.6025654408643633,0.6105121648823806,0.613805129137516,0.6228780342211057,0.6384507612200488,0.6460880392782697,0.6511901487034089,0.6463509372622932,0.6372240927921012,0.6176568222517305,0.5995274840542835,0.5759393176164753,0.5548398741878853,0.5271278583327644,0.5090653159222395,0.49480539626396697,0.4769007898313388,0.47152754100636746,0.4652929937658908,0.4474089420386276,0.4392798247081964,0.4331423301099383,0.4293117142448972,0.428156441729886,0.42479636689075567,0.41875874887368814,0.40348666821795487,0.3866881418437697,0.37836056019768327,0.3596489390399485,0.3457937247403086,0.3551172542642097,0.337424482376149,0.30563936186846286,0.2960501682446981,0.29642990081464976,0.29542297746113777,0.3000102274976438,0.2964379532495498,0.2868480693690153,0.26489326808678865,0.2650425753172842,0.267520431563707,0.29217932854278644,0.3214361291558456,0.33517358013413767,0.32997344113464067,0.348411057623862,0.3604766829105917,0.35160641130656206
0.31045888114056513,0.3159390376016436,0.31997593342408254,0.3259062775553902,0.32648306175345065,0.3178474543356498,0.31222503774893884,0.3036863733781493,0.2844731461846806,0.27651433470299364,0.27975935448387024,0.2884074594439125,0.2937793907254483,0.3075054221894987,0.3210187078415721,0.32960535733072965,0.3286445258302376,0.3304495980551954,0.3340978655097584,0.34443662549843074,0.3552829314997752,0.3710974171245301,0.3886731006174848,0.380547261500811,0.3741256934583045,0.3965751395002599,0.4118880858943216,0.4286331536562896,0.4452142277717536,0.4604677797689158,0.46997881468313474,0.49028059563240856,0.5109750342833521,0.5277978740669608,0.5405521057637335,0.558121645238218,0.5770665206183757,0.5863208073740617,0.6029204449864841,0.6092000348585799,0.6201464349324998,0.619354292662138,0.6060869084567747,0.5971019146534657,0.5883626393886313,0.5779673143728428,0.5736056159809271,0.5732272591163068,0.5799658831873549,0.5872122855079465,0.5944263109801479,0.6039438479009922,0.6082902588638797,0.6187571378451985,0.624094783520172,0.6173678478777089,0.6022419729390842,0.583371312953018,0.5653751560338249,0.5488729211799097,0.5307058812072105,0.5130342698968041,0.496473522356636,0.4764752989370429,0.46136529289360473,0.44883915172001415,0.4349929065447084,0.42826100764503866,0.41546153557452287,0.405083951600812,0.4003541634634585,0.39220785885271175,0.379962149507194,0.3698668038011379,0.36143501383845833,0.35309349495144665,0.3481521986446106,0.3408197935253863,0.3250672786209613,0.32577091604927694,0.3263419127002346,0.3049736205485998,0.29195521255855206,0.2828620469737602,0.2832688124756478,0.2781929408693084,0.276980042601912,0.2661091987102052,0.2546456659828413,0.26207124366740514,0.27343327879723806,0.27448294311937915,0.2991590308181886,0.3103326191654653,0.32555655601680134,0.32001872420615324,0.3587438668270286,0.35189556187186305
0.32440580700496885,0.3355569380215416,0.34738027801592414,0.3598627133481311,0.3633719378868961,0.3641670369892784,0.35130371465726207,0.33170163187307805,0.31806907797726885,0.30885201252058325,0.32373165158723727,0.32288047687987564,0.32879474152905,0.33281083470656714,0.3308872602720415,0.33372370119984146,0.32820931079624693,0.33011323362974465,0.3320222262934453,0.34239341017432123,0.36150315112575326,0.3728800988076614,0.3841682764692204,0.39552026980477967,0.39503093201828887,0.4218849984985322,0.44489981117222344,0.4574238236450968,0.4720349289100391,0.48461047409772945,0.49674308595285394,0.5168037193864777,0.5289281154349504,0.5470872928651802,0.5584881898519812,0.5766309984051408,0.5979377803171375,0.6094168907592776,0.6165628792880513,0.6295428111350592,0.6352072501921895,0.6326230414780466,0.6153285723843759,0.6077580656415451,0.5992990644844052,0.5991266544304678,0.5953376648578311,0.5954938422752495,0.5980210791865406,0.6028712078113128,0.610873565226773,0.617599328663109,0.6263755601163158,0.6324737989862529,0.6382101093244633,0.6381835079621954,0.6246159142160784,0.6138918988117095,0.5956945487313946,0.5837837590632384,0.5701046796607916,0.5559926408180308,0.527747018024039,0.5142888290299726,0.5022603803039314,0.48780960965233783,0.4823220587945269,0.46852309550828247,0.4516319570387298,0.436633745182504,0.42710656620715176,0.41072414127626977,0.39549893532966374,0.37983503131346447,0.3648732803197053,0.35125378140782343,0.35457277286445094,0.3348947274261261,0.3193143184878127,0.34270877505222863,0.3313891743155557,0.30369252502802546,0.29118900533644904,0.28919339957174606,0.29556549213798644,0.3031272374908816,0.29327932949766844,0.27743507734825446,0.26271138666388144,0.2759928986672504,0.2929896119398439,0.30080232193232126,0.30991039441119167,0.3141610280135527,0.3263398307371975,0.33345897334022184,0.3613851766329507,0.36446664481235297
0.3339203130750104,0.3461679903376135,0.3448717862544768,0.35763996303108675,0.3562834426420418,0.34790878163968986,0.35091625388343195,0.322778646652621,0.30727935621787766,0.2998719307618932,0.2966767233627437,0.2966477385841092,0.298620541602903,0.29922146689950496,0.30170279529685934,0.3039618603248705,0.2992256871363988,0.2993179715033286,0.3099977795933386,0.32089834808385104,0.3507090470512981,0.3557785889909921,0.3687776013744581,0.379335205955726,0.38873869371677194,0.4103569457243536,0.42713243320455335,0.44286317626441063,0.4532368700543889,0.4644934836284884,0.46989951811258207,0.48103580963230247,0.49033579797471166,0.5052014320754863,0.5261948943846927,0.545127066895082,0.5702080984340204,0.5902207392074873,0.611776908162544,0.6271034702166043,0.6296840259200033,0.6344733959289883,0.6284638041114324,0.6255230157675491,0.6165730937541141,0.6069075593218161,0.5985174042499474,0.590357440596843,0.587212605005166,0.5878291907574111,0.5941633683013905,0.6013664505351203,0.6111297816023424,0.6233706360875176,0.631438832786393,0.6328645955552549,0.6215722031819024,0.6083576000990769,0.5880762707723598,0.5712669526225663,0.5601491227797415,0.5367585985568947,0.5164578014457554,0.4988594870834791,0.48806999216602914,0.4781505129181287,0.46613106096900503,0.4579243358655231,0.4479329500709018,0.43288621196041416,0.424688530302878,0.4103003996628988,0.3969237404852668,0.38582579938721784,0.37713029034000545,0.36023749595831694,0.353324361902736,0.34467103929392584,0.3365211537924333,0.34351827485008046,0.3445541545424301,0.3209981578221821,0.2995245019342831,0.2823423387387755,0.2823177317778161,0.2817910811052361,0.27962000295142075,0.26663230623183526,0.25916930452678855,0.27218121492902475,0.2892526582867417,0.30699042781365304,0.3310531236048603,0.3314059434964514,0.3343847881733327,0.32327164412053794,0.342785142464787,0.34394334313030106
0.3002267069190275,0.31189439924491413,0.325250021295927,0.3264580307118074,0.32536847702806787,0.31973888050454313,0.3059960025464816,0.28888564932383537,0.2805371180190124,0.28013003196694186,0.2709434107803888,0.2699838952532917,0.2745930119031895,0.28182733507201263,0.29375745239442763,0.3047552911352844,0.3012720554515061,0.30063083163784265,0.2970504830735132,0.30442874736021264,0.3329062625222287,0.3409235459670345,0.3511668725444729,0.3574294339542186,0.3713072421728989,0.3868831338172407,0.398929906741559,0.40451072218043194,0.41934368611168304,0.43225775476130696,0.4414104726716544,0.4564118288831312,0.46904958767626687,0.4835730538582592,0.5009284800643854,0.5125379473886141,0.530645557452974,0.5432528247505299,0.5621762008994168,0.5717744967477449,0.5811583417111015,0.5826234788901606,0.5727103896887497,0.5668067974217159,0.5619598607096284,0.5585732235326063,0.5546382264392796,0.5533844866279234,0.5548923819570818,0.5613135093802539,0.5650406013849392,0.5704667721674191,0.5789517060400781,0.5835032608590274,0.5878721746551969,0.5835199334187251,0.5767089249076399,0.5601938980109931,0.5431618875417279,0.528007928227298,0.5019945214801526,0.48078075699650274,0.4598260944452539,0.4477902618608871,0.4333782962114808,0.41804626987259574,0.4116126248519502,0.3987652827057865,0.39080222932857056,0.373986810712874,0.3651178599015119,0.3575453047344538,0.3489986753164228,0.34202184709741645,0.3314658267665226,0.32802701592283207,0.32189461679261505,0.31359066705357724,0.3112473537515352,0.31415085901392226,0.30062085698511193,0.2818593266290685,0.2675777161364557,0.25539449197252423,0.25759646098577693,0.25771385988692297,0.25294397112155403,0.2436096204478005,0.2338855793619518,0.2372765389584733,0.24497289420940893,0.25667837043161373,0.26602023794687574,0.29036751469482813,0.2901236286581412,0.3014102156876053,0.3206461695002704,0.3088650899935173
0.3032488849715154,0.3134073659937397,0.3244431165637612,0.33007858269585194,0.3381351077215265,0.3330152699824184,0.31879734983713454,0.3087332323491027,0.2986171145034863,0.3003161299409476,0.3078462441935511,0.3052854839503937,0.3020076018870347,0.3136919479381179,0.3203884519937071,0.3283066555448174,0.32562753607863626,0.31645404884692097,0.31022995017626454,0.31982741819012,0.3433444255271881,0.35096048398723406,0.3464677041770204,0.3590257056995173,0.37047337162383775,0.3850588534640513,0.40858757006818897,0.4216941561088852,0.4361055674802906,0.44286137233209055,0.45769225620346327,0.46743166528955615,0.47447062347609176,0.4963630585760625,0.5097141070339145,0.5270499200244515,0.5507319516790461,0.5609847070720193,0.5696030822266345,0.59059231984902,0.5959721273620897,0.6064368409430185,0.6074236126286771,0.6060905362292309,0.5963388000160129,0.5833069554813287,0.5773991939983548,0.5720695661865569,0.5682145709607094,0.5756696812714831,0.5860839605785403,0.5983988786855737,0.6058862724735797,0.608526738961261,0.6105777323426469,0.6059529613776137,0.5923587482548134,0.5760612274486917,0.5569909409246628,0.5462570476316343,0.5282971950687122,0.5079344648962345,0.4893645350502917,0.47513650424438414,0.4588621760103423,0.4494022262686919,0.4277677793137628,0.41253826419663664,0.4061289131231125,0.39344411392401674,0.3841617679003487,0.38023730091896446,0.3706980254027866,0.36221166072586286,0.35107010928161203,0.3442696684907664,0.34335416231809185,0.3295910212180022,0.3097204722462326,0.30509054019635934,0.3001062816324038,0.29292779116432965,0.28203370802541544,0.2815837224956808,0.28372532728006544,0.28085841383988885,0.2728572245083726,0.2571509034609146,0.24234115275523285,0.2550635675090722,0.263807215394143,0.277426370216146,0.298794898276543,0.3144476274957095,0.3111237880204728,0.31649485965883867,0.3392225063810749,0.32059600659904086
0.3248703596490079,0.32526608630134746,0.3331782246272469,0.33809751262743815,0.342772603043888,0.3429505439519569,0.32508005946968094,0.30759194989656496,0.2868453018044071,0.28235210883730893,0.28018905278258754,0.2897013173126749,0.2915144712615004,0.2995226795381304,0.3122367678457788,0.31568593266215306,0.3139919170762456,0.3138448359550213,0.32383163894436734,0.3322332581198621,0.3566332371508446,0.3707246010911555,0.3766935723475707,0.3708516678120341,0.38280223814193926,0.3940127925248551,0.4092830688153699,0.4353774172412076,0.450604852723913,0.47096643630270346,0.48541250758947874,0.4984853056476285,0.5116971901113809,0.5296377398980292,0.5420280156786289,0.5517214063228986,0.5578539802125728,0.5626842913472204,0.570609201515493,0.589272983374567,0.6058647641067979,0.6101867904693606,0.6064394331346555,0.5985886339667642,0.5873125507683555,0.5767545601519198,0.5764822969197674,0.575855416587047,0.5793384263271372,0.5858979846981102,0.5934670097221364,0.6098866848067457,0.62256056238792,0.6319379269357924,0.6316493031392941,0.6277722025380114,0.6108224049469753,0.5870430396726241,0.5525354529325572,0.5332031170977429,0.5297267887388881,0.5252319199337356,0.5042115577454764,0.492274070935917,0.48289637430848026,0.4699139724958101,0.4595172372426593,0.44763451488426975,0.435835499666372,0.4242620256618369,0.42032193033825727,0.4101942623796239,0.3971188227237438,0.3897923192060032,0.3812287680259537,0.3691910216855475,0.36559547686115185,0.3572151476922309,0.3411450650146729,0.3417016115827424,0.33931298994625075,0.3258433078791121,0.30751743022730976,0.2965362133854823,0.2913996856173302,0.2816969795339046,0.2711593217877574,0.2538466225873541,0.23861892729141312,0.2486923402801522,0.2518439424670355,0.26413678778302485,0.2880793458119077,0.2952139232196198,0.29122426506616333,0.29905597168337406,0.3107004506079544,0.31259716287873585
0.308295362159793,0.3124978460579605,0.3171797059900406,0.3328185334410173,0.3344122903169202,0.3287886268661479,0.32475643764680473,0.3137001814608387,0.3038468180654084,0.2948731204253194,0.2977159886017616,0.29502248314552254,0.295718391685285,0.2886863391160739,0.30108705495050425,0.31171509793524305,0.32402257565146186,0.3298531827064328,0.3257588178233918,0.3251614742513004,0.33265246249622454,0.3422149797338391,0.3506984618026975,0.3507655683447714,0.3663248758732732,0.38209739287153965,0.40551450325727634,0.4270758909919365,0.4422147206517117,0.4495635672069967,0.4690035635124258,0.48061022175589113,0.49918541236241715,0.5186991065341128,0.5322167692497911,0.5455018514314831,0.5579557694369953,0.5703260874706864,0.5819326010042876,0.5942551627985899,0.605874400631819,0.6091738781212264,0.5996004691580458,0.6009695858056189,0.5936845557544483,0.5897178686497857,0.5827127437898744,0.5766144517382079,0.5735332558156868,0.5759220228287818,0.5851519048926658,0.5968696192190331,0.6135776731876904,0.625698625083032,0.6272475706285622,0.6228360557101792,0.6093483983713756,0.5930149594209614,0.5742410393448798,0.5577599204877473,0.5339046798361345,0.51582021865099,0.4977899123395734,0.4868259530857242,0.47694449298475655,0.46826648713725927,0.4552053828969,0.4488246203123169,0.43314604193049305,0.42105112252014393,0.4088470043694275,0.39856866233123206,0.3856748122214282,0.3773014914237796,0.36883362920914303,0.35696919879125294,0.3485777920928272,0.3430872726158053,0.3240777594000555,0.32904001885539086,0.32871484616501867,0.3050719824559122,0.2912639973861253,0.2860100553636794,0.28617166622411866,0.29351450205291013,0.2897306214609183,0.2715925895747613,0.2678912550221296,0.25983082605503693,0.2730134616532547,0.27411514952043925,0.2930277463130782,0.31604206103478233,0.3104667553805171,0.3152807286346243,0.33293502148605497,0.3246522920417349
0.32374954913960385,0.32425952807410247,0.3274901368484628,0.3288834813623494,0.31361202724438964,0.3140347108673772,0.3049526159778921,0.28728094656320924,0.28469893696675214,0.27958803749076017,0.29030929217125806,0.28800600394245807,0.2956938735838071,0.29695104442017445,0.30588197422215163,0.3158802607790596,0.3116209178361978,0.3059530980734498,0.3042703903680924,0.31615037776534294,0.3344493555931461,0.3455340306386901,0.35642479431508534,0.362878947867565,0.3739084976965514,0.40244673254073465,0.42101051252927113,0.43782376621623886,0.4534031664432457,0.4689080893419103,0.4791648601755911,0.49235745046836293,0.5067687756067428,0.51218610657533,0.5221375207490954,0.5445389030831811,0.5602152085651595,0.5806203736890938,0.6017884831548128,0.6178537401626907,0.625693275198755,0.6287478145450603,0.6165930948571215,0.6149988388535325,0.6118127667696496,0.6023582102751187,0.5957813170610353,0.5840699273144345,0.5789330262008928,0.5821324229096665,0.5954343757056372,0.6086884139051326,0.6252547880950797,0.6377750486382995,0.6446869844412708,0.6394899703064993,0.6290614019631252,0.6115959244235878,0.591750344236736,0.5766114535421791,0.5545469025858352,0.5297042365539998,0.5111271525311408,0.4958605226055501,0.4820115363258692,0.46813147315943016,0.45596248173685994,0.4420906651376342,0.43006636287071776,0.4182558261663313,0.4100570574976342,0.3945258183515645,0.3811892080244473,0.3687696329248162,0.3536892601536196,0.3411933473266608,0.33113647998722795,0.32706675504247373,0.3295665275489357,0.3310198194106181,0.3220883085755176,0.30806274632536246,0.29304381248663836,0.27454587397498736,0.27465044272290334,0.278098055906669,0.28623497892361005,0.2792902821352974,0.2704062599545348,0.2712238414907922,0.2810251069968686,0.29130289163528794,0.31101686931294453,0.32049196871860014,0.30702389407657577,0.3185923518182089,0.3312945791048608,0.3302372251222513
