0,1,2,3,4,5,6,7,8,9,10,11,12,13,14,15,16,17,18,19,20,21,22,23,24,25,26,27,28,29,30,31,32,33,34,35,36,37,38,39,40,41,42,43,44,45,46,47,48,49,50,51,52,53,54,55,56,57,58,59,60,61,62,63,64,65,66,67,68,69,70,71,72,73,74,75,76,77,78,79,80,81,82,83,84,85,86,87,88,89,90,91,92,93,94,95,96,97
0.0006908281940884652,0.000683491685864393,0.0006715030667585665,0.0006619374180896978,0.0006550279923355127,0.0006483704388719422,0.0006425527161700614,0.0006326174643909408,0.0006248921149128,0.0006133872641227068,0.0006018195150562385,0.0005884003836330605,0.0005833048588670947,0.0005830435587166736,0.0005833393759548043,0.0005849542077948493,0.0005873390696713709,0.0005903421579198521,0.0005939432675971819,0.0005976466028093933,0.0006016031531435813,0.0006052854714565595,0.0006105011064049615,0.0006181300549608452,0.0006300620418044459,0.0006468183875221976,0.0006684157371048462,0.0006940736407954127,0.0007127911084002256,0.0007337578959297506,0.0007495256001343407,0.0007583907343039185,0.0007614882998447914,0.0007540183898002498,0.0007476597878740602,0.0007383443629760034,0.000730602586075663,0.0007253163054271838,0.0007216207814119807,0.0007198586521169532,0.000717979033655034,0.0007146397285583784,0.0007126714849121974,0.0007050456096645635,0.0006886211580384643,0.0006690499641335285,0.0006522888804986999,0.0006487457691674345,0.0006607677301768818,0.0006810460768229441,0.0007003685175212705,0.0007135937123289456,0.0007213282484872283,0.0007335183435970933,0.0007413363781319206,0.0007499421356213331,0.0007631564374293147,0.0007787187098192347,0.0007923122370974109,0.000807999861704749,0.0008200769914977296,0.0008296781275802168,0.0008298956162914784,0.0008091890431664037,0.0007787028403195917,0.0007435580133459494,0.0007083516184629979,0.0006772677717414318,0.0006517490484957457,0.0006335951399014984,0.0006212816877560427,0.0006119560524804534,0.0006042450922621609,0.0005962846930542016,0.0005874180404265489,0.0005786519021325753,0.0005717177865653178,0.000566567353122904,0.0005625823782348779,0.0005604241251201006,0.0005614589579049302,0.0005654410532047203,0.0005726481945657981,0.0005816383182435045,0.0005931340909331454,0.0006035830461462033,0.0006133346464312094,0.0006249697700711731,0.0006359679373232237,0.0006455969525038056,0.0006537527554183416,0.0006619876912705724,0.0006717540663407472,0.0006830040054534895,0.0006982658532914711,0.0007000035823104774,0.0007163932000253156,0.0007373694737055492
0.000680568447383655,0.000667616266834762,0.0006479763609575967,0.0006346818757632582,0.0006172280146029777,0.0005983552479669606,0.0005895959031935411,0.0005861860402435787,0.000588235809852302,0.000583441888910623,0.0005733650472441041,0.0005660753515780046,0.0005615970320756051,0.0005599328512724659,0.0005587969259485582,0.0005564885456796527,0.0005557349175055385,0.0005572477115301996,0.0005598482629553865,0.0005626890634240983,0.0005659896273396438,0.0005712292108338492,0.0005782831188034239,0.0005846797213235577,0.0005884264699340157,0.0005911450618922656,0.0005946194249715685,0.0006003382699768455,0.0006085502677031102,0.0006199001519550147,0.0006352265662183457,0.0006498102735359796,0.0006598438360165632,0.0006665517360950554,0.0006685924688202698,0.000661330086360126,0.0006562668750274222,0.0006591689626160697,0.0006647377627515095,0.0006622291148658709,0.0006569561983374322,0.0006521513127786675,0.000650614677909944,0.0006471871631182191,0.0006392860509506288,0.0006293815731808502,0.0006218052904125273,0.0006194025710537743,0.0006226214357297862,0.0006370861366245893,0.0006563735414895563,0.000673319021012442,0.0006903630568224812,0.0006991130925445543,0.0006983426092140196,0.0006966311775037367,0.0007052239231965168,0.0007150250429836884,0.0007269018256304472,0.0007443915415564102,0.0007561643183307858,0.0007602937650586573,0.0007403898351261832,0.0006984403226099356,0.000662651303700874,0.0006342501850285686,0.0006160991456368107,0.0006068667349186608,0.0006005844532584673,0.0005943618625550376,0.0005895261684623255,0.0005814923953856473,0.0005702497244615232,0.0005588904311026326,0.0005499538585842414,0.0005416041983314607,0.0005337099199051052,0.0005273950304944243,0.0005252144060954565,0.0005251147722150333,0.0005270716034086537,0.0005296442125376506,0.0005362917841072246,0.0005468761277883054,0.0005582049039333277,0.0005701438730679253,0.0005811080651769091,0.0005889344480522932,0.0005965825018553628,0.0006052604637092995,0.0006125664320932193,0.0006181610641090209,0.0006232033735738663,0.0006310959719574647,0.000639741659101991,0.000638430697743993,0.0006463877696467313,0.0006483720428015414
0.0006614948887364291,0.0006538833136271769,0.0006413792868950591,0.0006326892172840126,0.0006186014134552878,0.0006109968303465073,0.0006047161099819078,0.0006036365756994545,0.0006041282950356795,0.0005966925418115799,0.0005878952280065464,0.0005781821129795773,0.0005725451351067045,0.0005701473573322941,0.0005682859300453741,0.0005668517847484722,0.0005663816889214504,0.0005657653232862835,0.0005658776732075329,0.0005657584176720713,0.0005658733438749965,0.000567274566644299,0.0005705207426219956,0.000575533291940438,0.0005806505262349396,0.0005835058794858715,0.0005849315696618201,0.0005864242090984433,0.0005883870158154019,0.0005917845102939351,0.0005982955614088784,0.0006072670323219023,0.0006162790341799732,0.0006225607453353524,0.0006225129357283961,0.0006274549780093861,0.0006327769362588834,0.0006379924667560124,0.0006476326863520365,0.0006551780110555414,0.0006589148673746392,0.0006616403855950976,0.0006578217176492487,0.0006514592210320764,0.0006357992805629508,0.0006140686515032449,0.0005922747443986474,0.0005881376652560065,0.0005991087420374784,0.0006240705910925033,0.0006474103055606185,0.0006588170614604989,0.0006650964181071064,0.0006721493908090242,0.0006844121356369311,0.0006908332795528113,0.00068911093506102,0.0006777833762555753,0.0006621131428030029,0.0006553850702426905,0.0006523277061856964,0.0006466600918969434,0.0006403501106509949,0.0006320745996999821,0.0006231663147256313,0.0006183228029895847,0.0006168131687582483,0.000613891753167111,0.000608440960282555,0.000597322733223232,0.000584884157190088,0.0005726071756275833,0.000562585385518358,0.0005545751077177947,0.0005493196494746598,0.0005459426762345567,0.0005459406791022061,0.000545980340298009,0.0005446043677670953,0.0005421435352013581,0.0005401375979919412,0.0005386974017827892,0.000540410692674394,0.000545395396250125,0.0005525169997619091,0.0005573497287369254,0.0005655038262832671,0.0005770678973669141,0.000592436296906732,0.000608294176448412,0.0006182919189537748,0.0006244849824022974,0.0006318483605446062,0.0006431920134762489,0.0006555966005186208,0.0006633694625467032,0.000670443824246266,0.000680404112417037
0.0006690541931094878,0.0006648978393084473,0.0006591168727220244,0.0006551185717231953,0.0006502923653591585,0.0006442596732453377,0.000636835081771582,0.0006270182332277531,0.0006158043109392938,0.0006053203026882047,0.000595504588021243,0.0005807327237778981,0.0005729736983312065,0.0005678391809412841,0.0005684477892733818,0.0005679089049463457,0.0005680304974891366,0.0005703082690989202,0.000575579252717978,0.000581759803723001,0.0005874277455002287,0.0005919485672657409,0.0005972816428995797,0.0006020815187019365,0.0006083364422592476,0.0006147854797524,0.0006216580737283979,0.0006299434125985791,0.0006404047725362515,0.0006537599436821466,0.0006693232097747434,0.0006813971391645273,0.0006865209597690063,0.0006884714718586917,0.0006894077983826022,0.0006883924194017483,0.0006827560753624884,0.0006791385249794318,0.0006776370973038576,0.0006752122877115478,0.0006711838941724002,0.0006689348934420343,0.0006680415835848525,0.0006622727986034648,0.0006510125035358893,0.0006396342323302625,0.0006306855328567434,0.0006390973639854369,0.0006550467411000686,0.0006708091398531983,0.000682893527803535,0.0006892595937029072,0.0006955833192829826,0.000705166363249168,0.0007173134850342834,0.0007267369231189427,0.0007411208230679014,0.0007565501659748152,0.0007725170603456096,0.0007823731960816411,0.0007987143473761251,0.0008128407168444165,0.0008085656400547531,0.0007920885589339742,0.0007630879276523101,0.0007268560353587972,0.0006949808958274288,0.0006687466021654708,0.0006478870311912086,0.0006316594131491269,0.0006152885711166595,0.000598019308825007,0.0005849608608741183,0.0005760843837355217,0.0005683795765930014,0.0005602958375180131,0.000554701049804181,0.0005521756663941329,0.0005534026487517983,0.0005553219420437112,0.0005579612957460178,0.000564262748358134,0.0005715798147418133,0.0005819287911898907,0.0005929199496338499,0.0006022693834709236,0.0006117975502906766,0.0006178327015381364,0.0006211362022899988,0.0006302293825742665,0.0006363595328582354,0.0006397210284502558,0.0006445997763363393,0.0006512642602804846,0.0006580780997852963,0.0006592497748205309,0.0006737735694831588,0.0006960242990685517
0.0006242069535913594,0.0006178577970274775,0.0006120320080186667,0.0006121931144392021,0.0006080685133470945,0.0006032555931332268,0.0006027821769443387,0.0005953262185486476,0.0005881660563253723,0.000575679741392124,0.0005637187973462013,0.0005527304558707267,0.0005464224408221188,0.0005440156077793024,0.000542696371342769,0.0005437517973551554,0.0005436835182231265,0.0005441358032535912,0.0005460813279605674,0.0005480528299301679,0.0005482650468898874,0.0005476162188179193,0.000548347909269583,0.0005541544764490526,0.0005642227653650072,0.0005736349356466661,0.0005812180491870107,0.000589246309173128,0.0005981921551610778,0.0006061031969719212,0.0006119798699608609,0.0006144808243821764,0.0006164006768610148,0.0006193960912458185,0.0006201799932612126,0.000620294972418063,0.0006268739756979196,0.0006371415590739526,0.0006428595482085215,0.0006477846233466507,0.0006538332812870637,0.0006568641885261949,0.0006586843304101527,0.0006548104202882128,0.0006440890008056402,0.0006266852187799375,0.0006111537672234124,0.0006043510436358952,0.0006097612996868245,0.000625824687668677,0.0006444558331491191,0.0006601182649501912,0.0006703773600640636,0.0006759472134234688,0.0006731290949154051,0.0006697113458666873,0.0006640109217042545,0.0006518449691348115,0.0006476451141391625,0.000651137430970862,0.0006501116963431477,0.0006461236184133769,0.00064042188766502,0.0006298962776685994,0.0006161233842018896,0.00060477109976945,0.0005960505499747119,0.0005861305861401878,0.0005769083915856496,0.0005665387114659733,0.0005565512134733256,0.0005492523639180274,0.0005448913118477603,0.0005429190962981034,0.0005418282633938865,0.0005401380699563801,0.0005377665577707385,0.000534575327486509,0.000531394511651854,0.0005312850761440788,0.0005322197573656846,0.0005346334989269568,0.0005380019984586869,0.0005438690878908403,0.0005530926643646094,0.0005621673511696476,0.0005720692498973481,0.0005836521608280432,0.0005924103995675034,0.0006041331287838177,0.0006105311480852562,0.0006176339976608947,0.0006238383726674817,0.0006385217947182879,0.0006513896146068528,0.00065474380204814,0.0006665281313564744,0.0006691041180789473
0.000688570991200822,0.0006773010717727023,0.0006689926557309859,0.0006601790118329089,0.0006505487238146622,0.0006393017426162198,0.000633053173057342,0.0006263111540172152,0.0006191796127883593,0.00060836760991707,0.0005979406444052045,0.0005897667211283809,0.0005875904393778976,0.0005866839657404333,0.0005882625482620636,0.0005909449447369323,0.0005941430628210896,0.000598701884694456,0.0006039389832111321,0.0006098578155350801,0.0006138963863318705,0.0006190615835460638,0.0006251698402343107,0.000632855408172004,0.000638708155213497,0.0006422023997225962,0.0006453897488998323,0.0006502044607445384,0.0006603424185576938,0.0006780985059457627,0.0007034968132132245,0.0007237037905025427,0.0007352685510717009,0.0007390292294710256,0.0007376591269480271,0.0007318159000753619,0.0007284039628833277,0.0007241716790659749,0.0007237018285107166,0.0007210873234457021,0.0007195133513738004,0.0007152446903230048,0.0007082585215141136,0.0006970145376263721,0.000679364762445705,0.0006614809493835957,0.000658035028698236,0.0006705818220227664,0.000690543480243374,0.0007114497605359107,0.0007266033819101635,0.0007344151590983146,0.0007450425736796429,0.0007514241682744497,0.0007611303333728401,0.0007689836962716325,0.0007821227156900487,0.0007959522836943938,0.0008081122471549878,0.000820008637849005,0.0008305902856075184,0.000832740092631216,0.0008159037273487915,0.0007779025097459149,0.0007369990306563914,0.0007050411828826939,0.0006811725858070833,0.0006676614018060409,0.0006605528761021467,0.0006565067194315021,0.0006474619319491296,0.0006347463881379615,0.0006165540288673249,0.0005987134810804296,0.0005834968880630258,0.0005727494528919502,0.0005653559423803118,0.0005616768342227529,0.0005569309489995116,0.0005539904544510962,0.000553301986742817,0.0005578796880743007,0.0005654069405311836,0.0005746674569678161,0.0005850035377639917,0.00059514175230698,0.0006041207600628359,0.0006109635692643553,0.0006209062470259428,0.0006307360061422921,0.0006388586875073046,0.0006469486280015394,0.0006573581033493767,0.0006704536813312218,0.0006815546075707428,0.0006905643353052756,0.0007079737370526541,0.000718383125588958
0.0006637141114030986,0.000656058610755324,0.0006509628678588283,0.0006450291794501136,0.0006347438572373451,0.0006252388926074638,0.0006153211669215022,0.000601700538013306,0.0005912542755157342,0.0005806481526863149,0.0005732004183122714,0.0005692326991584207,0.0005679398503250054,0.0005671880803069158,0.0005655481046326116,0.0005646173806909061,0.0005644401541229252,0.0005657687928829747,0.000569273892224878,0.0005738893362519126,0.0005814432893981485,0.0005935357412497889,0.000608286057471126,0.000622470497413152,0.0006315647534584782,0.0006358217322741507,0.0006388269493854644,0.0006447114798320921,0.0006548548420087965,0.0006672701897005535,0.0006820245174823562,0.0006967069838073398,0.000700467948459443,0.0007028475726172991,0.0006933528105043078,0.0006863919165859421,0.000677481232166624,0.0006710046238867697,0.0006665738895519841,0.0006620223264003121,0.0006599807098146975,0.0006603916991328808,0.0006660697511531085,0.0006757019215778008,0.0006823745399019769,0.0006783457209257744,0.0006592784655196524,0.0006465379773089058,0.0006461179168174062,0.00065923158132028,0.0006769442041660817,0.0006889071476003224,0.0006965020941336885,0.000702418784862755,0.0007079733969262717,0.0007138710042961846,0.0007238022681551476,0.0007440832389570858,0.0007607479160738773,0.000773531563471673,0.0007856985029232941,0.000783323702377218,0.0007707005213079243,0.0007444347050650766,0.0007150166996976294,0.0006854193909125123,0.0006597707982494551,0.000641952655824994,0.0006254403866336345,0.0006105312407893584,0.0005974158074603359,0.0005884140496348808,0.0005791773571525119,0.0005692696247024625,0.0005609166768925116,0.0005544293246627413,0.0005520035628574717,0.000550924295824914,0.0005507569352204592,0.00055085130125139,0.0005483102556150092,0.0005460171271081445,0.0005448176779112612,0.0005497052579432253,0.0005589948764305044,0.0005701356588682678,0.0005801172371534208,0.0005891806423463382,0.0005989054626648097,0.0006127099658808436,0.0006285043667558276,0.0006423909337147112,0.0006581123320148967,0.0006715297324403451,0.0006864015278068625,0.0006921622863976157,0.0007079742629036056,0.0007257879611257056
0.0006601886672660469,0.0006532959312264786,0.0006461122627596025,0.000635225409488292,0.0006289108868765676,0.0006215676625818966,0.000619116558270224,0.0006107225659021967,0.0005985942624265179,0.0005870183548959233,0.0005766321417926269,0.000566305608544466,0.0005601014657256945,0.0005565219348004928,0.0005573065711701258,0.0005608433953852884,0.0005653766751006028,0.0005689331337148274,0.0005729625704615614,0.0005755327314293107,0.0005774509677011864,0.0005774534594220935,0.0005796215403950655,0.0005839976560444827,0.0005925443570153158,0.0006047553780174614,0.0006180657687422686,0.0006310551965325739,0.0006447228081984864,0.000659837104965082,0.0006676500707172772,0.0006737644747287505,0.0006806853241644161,0.0006848163209781564,0.0006744926923424488,0.0006604488696733,0.0006492451377989935,0.0006456346665219606,0.0006430914397865457,0.0006429509796638301,0.000645024055091962,0.0006509736666488326,0.0006585673227782265,0.0006630839548308557,0.000658741090601092,0.0006465111448889889,0.0006298174170821156,0.0006210721483413257,0.0006311009060151145,0.0006473789048098234,0.0006675908572469335,0.000685058667612342,0.000697271130741915,0.0007010518243170438,0.0007023054637895859,0.0007068484682094498,0.0007155403735508055,0.0007309888160056807,0.0007460901916200561,0.0007612813573768141,0.0007705958376342842,0.0007657830911931683,0.0007536535153112939,0.0007291589330305792,0.0006976994084936098,0.0006704984267965387,0.0006473498910542348,0.0006260263927932293,0.0006077863685774713,0.0005939685816002104,0.0005858481430287511,0.0005813342686599508,0.000577071162737919,0.0005703771755036393,0.000563173166695981,0.0005550582619353179,0.0005490564537790135,0.0005448254251124395,0.0005445071998883434,0.0005457352258506422,0.0005506308953509664,0.0005595746262788868,0.0005666398216385089,0.0005707611689385513,0.0005767888978472576,0.000581820916907235,0.0005899552898362676,0.000599222496748541,0.0006105723588691025,0.0006229563647813021,0.0006341933775262808,0.0006485596401581948,0.0006649909315929381,0.0006862127388697695,0.0007055603739801015,0.000717575654991595,0.0007470359806469051,0.0007816382929244642
0.0006670167736573116,0.0006620992643784965,0.0006543274125646998,0.0006479773152786248,0.0006369443118932702,0.0006266095939804666,0.0006191362670700057,0.0006150172313978753,0.0006118814574057172,0.0006061914629259433,0.0005976812447819192,0.0005891450213138308,0.0005840199162670827,0.0005774548893843504,0.0005742719409393428,0.0005749041429061065,0.0005783741245044594,0.0005811772762297017,0.0005835531481772216,0.0005839857702133892,0.0005839417580073738,0.0005861795896716145,0.0005915440974133057,0.0005989773968237731,0.0006054845725475714,0.0006107393758378644,0.0006142500325295613,0.0006172317339337997,0.0006204545737463097,0.0006245837556536761,0.000629957622350989,0.0006360506065143471,0.0006412399220936229,0.0006470286239594794,0.0006547026331700605,0.0006661951911459451,0.0006780146058735408,0.0006818602219982643,0.0006816320225376966,0.000688498938758441,0.0006965527132718745,0.0007007133921983188,0.000704309086066899,0.0007056393747574563,0.000700458043728276,0.0006824122533498469,0.0006603163968249747,0.0006545918263142868,0.0006676703143689317,0.0006970819880469829,0.0007225750820066169,0.0007339999860581152,0.0007351374768469966,0.0007322901207668997,0.0007250635458573101,0.0007167296876916576,0.0007041325187891746,0.0007000620038787414,0.00069272544428227,0.0006840781049242502,0.0006797332942057523,0.0006767895231795182,0.0006707829814987383,0.0006600255339383121,0.0006497679545170762,0.0006405716706856166,0.0006340816791485074,0.0006273488237735285,0.0006179846753238906,0.0006066112566212968,0.0005994110375232044,0.00059694646500897,0.0005955781585294314,0.0005914841035687334,0.0005838626703352865,0.0005739903126248748,0.0005641677424549904,0.0005565685471263026,0.0005524880786001985,0.0005508510179943929,0.0005506825284730411,0.0005533099103509169,0.0005592761802896271,0.0005701800404390664,0.000584895438590238,0.0005992954006999942,0.0006111176359071825,0.0006202689867154654,0.0006299732937018868,0.0006389434857130736,0.0006484427587188233,0.0006558490199416399,0.0006630732941541422,0.000676079803760018,0.0006945492702300027,0.0007175193997680945,0.0007577835189278527,0.0007858435661976697
0.0006738610680426623,0.0006585951787760351,0.0006474632278108699,0.0006368153988400939,0.0006301032645546449,0.0006250773796549479,0.0006214702848581199,0.0006142046799255159,0.0006026312444148688,0.0005911246244145676,0.0005795407769468771,0.0005710509658783659,0.0005668637913456758,0.0005621256914512934,0.0005604213050905881,0.0005594640962679621,0.0005608061037789182,0.0005643487746167351,0.0005686344411278856,0.0005724369939080952,0.0005756271730849935,0.0005793815390495481,0.0005853249294269122,0.0005942911843917351,0.0006047803594918764,0.0006136646675806171,0.0006207087074076279,0.00062699571542112,0.0006336053773382976,0.0006428451894774329,0.0006510535304801286,0.0006556142428463718,0.0006557354162529324,0.0006515504563720017,0.0006491704759814991,0.0006516158263949452,0.000654489755418969,0.0006569571494143212,0.0006646808015682028,0.0006745115010429514,0.0006792213376593262,0.0006776904132301195,0.0006776444670069242,0.0006755588870453243,0.0006694414813067191,0.000662364811526087,0.0006536690466120998,0.0006491312802076458,0.0006534978768647156,0.0006667946910551772,0.0006850887024576383,0.000706741234938248,0.0007235707004958734,0.0007276326422392147,0.0007284812812119731,0.0007275045145395666,0.0007190816285359503,0.0007153636705172713,0.000713272587486912,0.000714653808429227,0.0007131525062490184,0.0007141138715642945,0.0007179064200490556,0.0007072315271246598,0.0006954323557609971,0.0006814241416459854,0.0006633787276874538,0.0006488330036387056,0.0006341260417238075,0.0006192528033479768,0.0006042928212897379,0.000588079586622579,0.0005786002264977083,0.0005729450644216546,0.0005642687268827136,0.0005542157016878481,0.0005459253841516267,0.0005423488399388523,0.000543916285295996,0.0005476720180272309,0.0005530102932107388,0.0005596978566804013,0.0005675774591213027,0.0005784365626216337,0.0005899098951957445,0.0006024459329564808,0.000615685894910613,0.0006248465993942689,0.0006329411765543998,0.0006372896054148767,0.000635898602797975,0.0006366473955598577,0.0006401113942824225,0.000641744754021856,0.0006496841876092177,0.0006548555419743818,0.0006753761925020075,0.0006973582934954777
0.0006554750562536219,0.00065106691850039,0.0006483466160524648,0.0006424317680535876,0.0006358357698820382,0.0006283714398403273,0.0006255602851787209,0.0006179824088566294,0.0006100582137924086,0.000598752754724896,0.0005863304409249712,0.0005731814150139724,0.0005647693723575478,0.0005618751376989575,0.0005614087018348056,0.0005618323363964738,0.0005627731996994291,0.0005655388108740503,0.0005686831976510852,0.0005715261416282724,0.0005730534552559533,0.0005747488677900156,0.000579932305768459,0.0005890276756628257,0.0006010822827180293,0.000613685988024743,0.0006250001005037682,0.0006370038610646921,0.0006534449876109295,0.0006756970211510484,0.0006960029113626692,0.000703804489926256,0.0007125761279111291,0.000715202915248702,0.000710210977019502,0.0007009888467253665,0.000696926065945455,0.0006964554494292023,0.0006966369060179984,0.0006948443288493939,0.0006897423976240547,0.000682798958213724,0.0006718042587239249,0.0006589119050990645,0.0006447668973079579,0.0006288750240082399,0.0006234917996157798,0.0006340863749256918,0.0006568548624057596,0.0006832463681105308,0.0007014856740694276,0.0007142720728529624,0.000723628777028935,0.000724657943592267,0.0007274611282270405,0.0007290373454583032,0.0007336588943341533,0.0007381112885264756,0.0007385716729928994,0.0007483424925386639,0.0007631452580194156,0.0007752696303537288,0.000773074505891295,0.0007568081533455277,0.0007293838133496004,0.0006961454356365038,0.0006654763163238974,0.0006443820760827657,0.0006260703846574078,0.0006090257749910944,0.0005934394114581766,0.0005809401641196856,0.0005743324063620785,0.0005696495667788387,0.0005632117922896216,0.0005569778645468271,0.0005527811536287106,0.0005514491028540328,0.0005501841558981267,0.0005488308527138854,0.0005464772068152953,0.0005472005030080973,0.0005497946752951275,0.000554094556308205,0.0005607042385010225,0.0005688494199412539,0.0005782715386883926,0.0005904562036237998,0.0006029565679251704,0.0006143526811879267,0.0006227001775975212,0.0006314622091202153,0.0006394941675935106,0.0006549321648543617,0.0006741215084987419,0.0006832813320151449,0.0006950032959444712,0.0007042078366165787
0.0006384374617314182,0.0006328787075541484,0.0006268807605020139,0.0006238990947421751,0.000617533679727238,0.0006124034979033926,0.0006084754586504617,0.0006021763357062055,0.0005936061521387477,0.0005827331375497232,0.0005716972904454798,0.0005631237506750087,0.0005587340554973188,0.0005555936367529882,0.0005538212140707864,0.0005548185238986473,0.0005580240979770608,0.000560429007868971,0.0005631733761203246,0.0005653201846365053,0.0005670627231323244,0.0005677055839332092,0.0005689951226194507,0.000571095302652527,0.0005743674571649934,0.0005788419569465801,0.0005828129734437814,0.0005872277355427398,0.0005919960588438192,0.0006007068705859446,0.0006136092365895898,0.0006260545979115621,0.0006342799562829066,0.0006414274157144201,0.0006439744511971136,0.0006410858069806116,0.0006387855291202492,0.0006415640206127049,0.0006520861500457633,0.0006639526792016332,0.0006741521812773656,0.0006772076508106641,0.0006779638046357603,0.0006736183432482633,0.0006621212238043651,0.0006457648204716779,0.0006328126601454548,0.0006298204894649793,0.0006389383967903338,0.0006558385118578884,0.0006715261367421768,0.0006833282004954864,0.0006973693707653881,0.0006994184096377764,0.0006950156428067086,0.0006794659901559004,0.0006643873231569204,0.0006575032385973849,0.0006524057866870086,0.0006504628058059487,0.0006529805521013824,0.0006563249782028009,0.000654866274817021,0.0006445407873875152,0.0006291603391114425,0.0006162400293763685,0.0006068099978153915,0.0005983326047267448,0.0005877539066692293,0.000578366855313282,0.00056901656289094,0.0005607759836756519,0.0005568608694156772,0.0005542661619177308,0.000551413055941173,0.0005463121070837135,0.0005401973866464201,0.0005346014169478918,0.0005311437831081332,0.0005305728730745952,0.0005320783587426402,0.0005359734683219723,0.0005424880200570089,0.000549872975046947,0.000558095144932188,0.0005676503937457491,0.0005792744714114464,0.0005925594034975831,0.0006047421439137133,0.0006128925262839026,0.0006190707149771353,0.0006211075486842045,0.0006237878941961515,0.0006320753774188676,0.0006389439260020558,0.0006447102723975743,0.0006649384397143921,0.0006897291345742965
0.0007133273889141879,0.0006929428188630526,0.0006706588672998552,0.0006562763836879688,0.0006416585429408968,0.0006315572059535753,0.0006231303773001927,0.0006152292001085917,0.0006063757877219453,0.0005889368791865057,0.0005740605336628815,0.000565245312518931,0.0005642761015757001,0.000566975588190636,0.0005719959829225472,0.0005807714625331752,0.0005880408044141548,0.0005930210105868048,0.0005962159257556024,0.0005972970366707472,0.0005963969729632146,0.0005957367217616766,0.0005977130796175681,0.0006023654232171111,0.0006078533742232883,0.0006121871567368126,0.0006156767750003776,0.0006205647190345953,0.0006273079943892091,0.0006349559524350763,0.0006463578887776917,0.00066292933500381,0.0006760838479205509,0.0006844440625738252,0.000686201880820543,0.0006858670662938226,0.0006831949350792214,0.0006848452697780897,0.0006879652877426519,0.0006933412088130406,0.0006981497104891857,0.0007076984261947518,0.0007185522463098784,0.0007207979164194837,0.0007135432141899029,0.0006912155806546025,0.000664492169029033,0.0006550298044474247,0.0006696792783705454,0.000690066492645547,0.0007098570874224075,0.000722762493261818,0.0007310948637054322,0.0007351474232113871,0.0007355087852767005,0.0007389671180619753,0.0007484529531405475,0.0007610525892398877,0.0007778728734798894,0.0007963777876888736,0.0008015215855139176,0.0007925214358027381,0.0007701452785020573,0.0007386214358034245,0.000703679778804984,0.0006741382514858033,0.0006550351883499285,0.0006432881728811788,0.0006359664400781879,0.0006298680886553733,0.0006230764930547242,0.0006142931342162761,0.0006071446328387524,0.000599795345270919,0.0005928760597658073,0.0005843448927779316,0.0005733945066007321,0.0005665882968111597,0.000562228409617513,0.000558592374214675,0.0005562936872248839,0.0005581225494587641,0.0005643491881059038,0.0005732614430841674,0.0005821048664828413,0.0005923199954586863,0.0006031651374630854,0.0006186962350169555,0.0006426552092243033,0.0006786350810484633,0.0007079620427254332,0.0007280718984114632,0.0007482738057664553,0.0007772479722035859,0.0007913499769203527,0.0007731169698706984,0.0007853637400576576,0.0008008625660087133
0.0006896058977046124,0.0006791692203685704,0.0006690096039533117,0.0006605347147281223,0.0006514789391857632,0.0006438237696090013,0.0006395702517491779,0.0006323087937063873,0.000621661327709306,0.0006120096941110656,0.0005981537238622435,0.0005912121460293192,0.0005869650142096424,0.0005852099436919634,0.0005856035696327692,0.0005845251710211603,0.0005824758402909764,0.0005805892387863961,0.0005796794727662683,0.0005804507707323391,0.0005807469493545903,0.0005804873432878071,0.0005847727687791112,0.0005952989131402253,0.0006087644863068192,0.000619873180960676,0.000628276863538959,0.0006332293604011402,0.0006400278185629105,0.0006488235645289521,0.000656939166369044,0.0006632474222795665,0.0006674448053420967,0.0006714254150269202,0.0006725875757417264,0.0006713479785550444,0.0006666102728201813,0.0006591529756700283,0.0006601480161862285,0.0006640065228459317,0.0006662970326022387,0.0006664083569034462,0.000661640933840346,0.0006563399398154182,0.0006487028642550918,0.0006368884742134036,0.0006307481077263373,0.0006321964675808672,0.000642461910552568,0.0006588747827743445,0.0006728567602473968,0.0006834343521593382,0.0006923892964576235,0.0007030096251190761,0.0007074756350052496,0.0007122595561470412,0.0007203164309865772,0.0007239003715806192,0.0007200366024731027,0.0007146687723340828,0.0007098091281369939,0.0007054550960931689,0.0006921705821480508,0.0006804061586466027,0.0006694602565088091,0.0006619798888331758,0.0006553988707137438,0.0006458877038271215,0.0006276562108812884,0.000606963487880749,0.0005912936289435718,0.0005859876111003304,0.0005858643963292184,0.0005842303798718676,0.0005793188058940414,0.0005718364887312233,0.000563526907528779,0.0005583275650647933,0.0005584517929079017,0.0005620766396063939,0.0005679091324132108,0.0005757831925850185,0.0005828370601109166,0.0005924876651219534,0.0006039110264809512,0.0006142230331391262,0.0006224559617032978,0.0006314178309925797,0.0006393927161417697,0.000644981291957289,0.0006483127355426406,0.0006499066919706208,0.0006545454694661805,0.0006583588765759951,0.0006597356660157624,0.0006578196677098673,0.0006710928213199089,0.0006873726660050137
0.0007288011386402381,0.0007096295772623788,0.0006863952800155223,0.0006693542365424247,0.0006561477886462071,0.0006439188761921038,0.00063936053152166,0.0006316793320620353,0.0006273436223344774,0.0006179768002607217,0.0006038379547571203,0.0005888989285667928,0.0005787606229680539,0.0005735322864726144,0.0005705618182376129,0.0005756128271245119,0.0005821757715746096,0.0005880350954375347,0.0005934991556283451,0.0005990192656006004,0.0006045199183700355,0.0006109378069953169,0.0006216498240219296,0.0006378211437608668,0.0006634876435884959,0.0006949323999308796,0.0007234762236178039,0.0007540150306908329,0.0007770038929002491,0.0007862254526265981,0.0007858753814360342,0.0007726662746374128,0.0007602434907719168,0.0007425691809842271,0.0007263785123066157,0.0007164824081421465,0.0007063412406187777,0.0006994255221803306,0.0006973648401154541,0.0007019395743301876,0.0007058554509629033,0.0007075534153627421,0.0007185561715658526,0.0007340963626760595,0.0007395376005846028,0.0007450192347338631,0.0007464300304149162,0.0007452602072623625,0.0007357710829021272,0.0007294629052037203,0.0007306638367462279,0.0007359970613476284,0.000741871919308757,0.0007447811393777792,0.0007457581251120046,0.0007533744333854732,0.0007595724517053277,0.0007704416635963725,0.0007847085882579371,0.0007970319290707512,0.0008059377842854086,0.0008089909871967184,0.0008050616398331651,0.0007971746867333053,0.0007785214917727498,0.0007578715379190595,0.0007341812495782707,0.0007071233628083238,0.0006764491475815098,0.0006508317221982939,0.0006313626175067366,0.0006171676018497143,0.0006041773582105425,0.0005928379486903375,0.000585800646844018,0.0005800225560309791,0.0005766456730800783,0.0005783899824620465,0.0005806901148583604,0.0005848022915918371,0.0005863328844257301,0.0005928192150623544,0.0005966927145152985,0.0006015083095179702,0.0006030753717700434,0.0006100380631432368,0.0006246165209560286,0.0006469812857059266,0.0006704995338031812,0.0006878478993510473,0.0006974465866616162,0.000703641412741891,0.0007106978166766062,0.0007206756578878981,0.0007294666658770912,0.0007296494338028877,0.000750846966637904,0.0007529767730677607
0.0006393370820320182,0.0006238747478619337,0.0006103032043904168,0.0006020221376894364,0.0005967728576410661,0.0005896693621762894,0.0005833869763403894,0.0005777100244871273,0.0005793895735338613,0.0005784108143682889,0.0005746070710744588,0.0005703942415299809,0.0005646367921592587,0.0005574189897454993,0.0005526034788113203,0.0005525175646311154,0.0005538951516786458,0.0005547317684822398,0.0005542151885204009,0.0005537527560832036,0.0005523630778166542,0.0005512866055252148,0.0005545913983894061,0.0005627095498019282,0.0005719897278923431,0.0005792937916564121,0.00058487831706917,0.0005902040300179616,0.0005965495179440929,0.0006060765400837886,0.0006164396436939609,0.0006251603991551919,0.0006348810700775425,0.0006462250775191695,0.0006562163274223327,0.0006597674893899653,0.0006610143435402507,0.0006642657251448269,0.0006640086407400987,0.0006657954001313697,0.0006656292031080294,0.0006640490971548075,0.0006641731183417627,0.0006634256417984943,0.0006588374320490914,0.0006485099666009892,0.0006392138297973795,0.0006395840562580832,0.0006502352370537116,0.0006699647132151818,0.0006842342063606999,0.0006937724936460281,0.0007015863427623712,0.0007095273643901716,0.000717067049399199,0.0007236576077238064,0.0007388461833596838,0.0007559854617868435,0.0007738322541244344,0.0007839902721177892,0.0007825960239383456,0.0007745602798614572,0.0007572424860198003,0.0007239303780533907,0.0006887094836303331,0.000656387594336507,0.0006294723330638434,0.0006087257867452929,0.0005924795622530894,0.0005778241164708056,0.0005659391001405731,0.000556207600303807,0.0005502777995632051,0.0005448819071842893,0.0005389673597932248,0.0005360571542544899,0.0005342770480734537,0.0005338949607877701,0.0005340076370423943,0.0005321292466985161,0.0005321878596950399,0.000532368135260023,0.0005325239415850375,0.000539137043296026,0.0005498093941253993,0.000561711091465758,0.0005720338390366064,0.0005791614610142335,0.0005892221338448749,0.0006086650391839697,0.0006313400285657504,0.0006452206323515521,0.0006642949401330926,0.0006824601753731574,0.0006995453384398624,0.0006983676865036164,0.0007126582256350958,0.0007179628051652652
0.0006432983968473477,0.0006371116403714943,0.0006312846410352442,0.0006278421785055097,0.0006220049749129133,0.000615505580245151,0.0006109634171383437,0.0006049629843775917,0.0006010105545267251,0.000592973557911342,0.0005834577283744053,0.0005737752118511347,0.0005646391296207728,0.0005590356658437717,0.0005582876669893884,0.0005595266549807048,0.0005625838736502978,0.0005703422427705248,0.0005811580870101737,0.0005920710191977123,0.0005982347478325721,0.0005992128192553336,0.0005999410944215756,0.0006029287801364252,0.0006101572150461457,0.0006197711927970044,0.0006291144152764766,0.0006383444383635856,0.0006447566611044095,0.000650252917239612,0.000656284251029696,0.0006628608669000575,0.0006624665032930835,0.0006526749697346025,0.0006443811441240427,0.0006445761984067686,0.0006429646700944549,0.0006440356408258232,0.0006487521094504928,0.0006597483100164405,0.0006712850476283847,0.0006752563804420045,0.000674106447259298,0.0006643199190200292,0.0006475406901208864,0.0006283529534643795,0.0006179580490724072,0.0006235274285329293,0.0006416356626344597,0.0006654769761524135,0.0006797825204462346,0.0006836715569816098,0.0006743296698183481,0.0006579452116903835,0.0006434887892638929,0.0006280294302130618,0.0006171740695444209,0.0006148707124467513,0.0006173591400354108,0.0006249062547932576,0.0006395313125272126,0.0006556517684094201,0.0006706454402859521,0.0006791652409942328,0.0006810174915180399,0.0006809907889769717,0.0006820282953737996,0.0006809823119604452,0.0006711691970202221,0.0006533558496321272,0.0006330178243642632,0.0006174757903473601,0.000602595746692399,0.0005860541802836374,0.000568385701712988,0.0005523638831386975,0.0005430176527908259,0.0005399721540753772,0.0005383544503753633,0.0005384753897605514,0.0005391800881112649,0.0005413807752065332,0.0005454313548773883,0.000549735204275492,0.0005528199826699652,0.0005557655224280692,0.00056155811620434,0.000568854821419521,0.0005765965275769404,0.0005868283450954986,0.0005959947362090434,0.0006017797806630949,0.0006124374635232211,0.0006288925960077281,0.00064384697469188,0.0006481795371077254,0.000658432707294161,0.0006747650518080176
0.0006680140336614476,0.0006560083692343077,0.0006477113539648623,0.0006382903196098348,0.0006292632119704913,0.000620711575250682,0.0006125189205406853,0.0006039282209671966,0.0005952423052280672,0.000586499953523922,0.0005792947619694554,0.0005760998455690304,0.0005742965975127059,0.0005716846278964771,0.0005741512536093399,0.0005794490744178924,0.0005821700692855097,0.0005816162258395407,0.0005804346046571517,0.0005801001975973329,0.0005790822563664896,0.0005772112901009929,0.000576634621274653,0.0005794765268042089,0.0005859676379830562,0.0005951550454495904,0.0006013818513159433,0.0006056814022793351,0.0006084307322665868,0.0006115760567502753,0.0006180427074884,0.0006222392265356727,0.0006256931516855934,0.0006248941498985433,0.0006231125982372551,0.0006237010930948243,0.0006286783583790008,0.0006340899275134688,0.0006416088791300545,0.0006451919626429713,0.0006456832932062003,0.0006475400779831213,0.0006466594231682289,0.0006403403196460841,0.0006307450966289566,0.0006191637795080333,0.000609900830789467,0.0006078421833796358,0.0006179659346584861,0.0006335696355113635,0.0006469245982643621,0.0006561995694069464,0.0006652737143125826,0.0006715798130450084,0.000676631737169272,0.0006787673104497573,0.0006788415621962337,0.000678936053107116,0.0006704828208060528,0.0006667953122907773,0.0006654118093256607,0.0006587545348111527,0.0006518931519924302,0.0006378739028650462,0.0006224792036887388,0.0006127056714700059,0.0006110719784154506,0.0006105360375200105,0.0006026155600690272,0.0005908727662722725,0.0005818855377330809,0.0005795179948779746,0.00057876056225942,0.0005773160410073794,0.0005753245233036833,0.0005717071015265326,0.0005665722621812317,0.0005617189194528107,0.0005579345727065581,0.000557339239707418,0.0005592782304082096,0.00056261749318745,0.0005672840957924484,0.0005712986123175635,0.0005735781440302652,0.0005756183401011,0.0005784394410927701,0.0005841671449475489,0.0005914176608644774,0.0006017291843910586,0.0006137386768802687,0.0006171137796167971,0.0006287744848374478,0.0006447459210866199,0.0006597478290393697,0.0006669991039157604,0.0006846463314766121,0.0006958498564138964
0.0006706824696694816,0.0006600762917535312,0.0006477976006052887,0.000641670416478073,0.0006361271079560912,0.0006314410906538715,0.0006269875724572693,0.0006205271793453451,0.0006055923319704399,0.0005923564029835798,0.0005783433420438983,0.0005659465373545062,0.0005603151020722164,0.0005580681370617102,0.0005601147117237576,0.0005638385274779755,0.0005649783862377349,0.0005652141836101593,0.000566645748598718,0.0005708089609646589,0.0005754399942354702,0.0005797843165030349,0.0005832213886386208,0.0005848017275920595,0.000584077146383657,0.0005836875180938462,0.000585137512544561,0.0005916006623146135,0.0006025239091915166,0.0006200614755237953,0.0006385503894427301,0.0006585603148196561,0.0006695544376240875,0.0006714044726397882,0.0006637130557277454,0.0006583683106944781,0.0006554761544925093,0.0006517854035010696,0.0006527417861052248,0.0006567339925624881,0.0006622730239382425,0.0006640018252799157,0.000662005948735232,0.0006586406054205482,0.000648033890118411,0.0006365511650034076,0.0006204230029931936,0.0006132757240987737,0.0006221115485770366,0.0006360798885962095,0.0006516146857514836,0.0006628185445795294,0.0006660937378008332,0.0006728460173950446,0.0006852111436072061,0.0006992153367436759,0.0007157395501325646,0.0007306013715768643,0.0007463547075232802,0.0007525933095747046,0.0007496956977964126,0.000722505642536484,0.0006789196249956911,0.0006415958368783016,0.0006165157835221715,0.0006055005399961312,0.0006005245390553938,0.0005939702933915521,0.0005852310626701336,0.0005768068825430985,0.0005707438240460293,0.0005639798288197634,0.000556657121902575,0.0005491584878647653,0.0005417812203765311,0.000535907394212919,0.0005318627219402406,0.0005308895851124111,0.0005319649702597559,0.0005341370932073985,0.0005372285111750035,0.0005430105266858516,0.0005495471227377486,0.0005568069421749516,0.000563665018753991,0.0005708126645138299,0.0005781046474025214,0.0005860255877569474,0.0005995781059677979,0.0006115922308031904,0.0006216608152037265,0.0006302146693637672,0.0006428695379062561,0.0006602413867037497,0.0006729054973608878,0.0006808444262970053,0.0007048983548182999,0.0007313057606441532
0.0006765727056236278,0.0006744442495524282,0.0006624428584150609,0.0006502421371411672,0.0006328844235661598,0.0006173082595122753,0.0006020554104315577,0.0005923266053783398,0.0005837354049396713,0.0005726496880141285,0.0005645791965663725,0.0005601230908698917,0.0005595238951666553,0.000565964241139568,0.00057448454006694,0.000587579352311555,0.0005992061091414533,0.0006064054423382986,0.0006138528401163851,0.0006212599045131573,0.0006280936357375455,0.0006319418001850004,0.0006314070183648002,0.0006290907900199399,0.0006271141469059311,0.0006275083681070768,0.0006294156617761056,0.0006331768061930631,0.0006412809782682054,0.0006522772731428536,0.0006685411322566825,0.0006828668078358994,0.0006938423743328637,0.0006953116197175308,0.0006876066681205241,0.0006770385650620723,0.0006651585778349357,0.0006579042338032348,0.000657708647131328,0.0006611415864033188,0.0006661264878447398,0.0006697185838069128,0.0006700462618663491,0.000667173868196866,0.0006595714227671455,0.0006493414661742723,0.0006404127489624599,0.0006374991921956683,0.0006407028717515021,0.0006517415179308359,0.0006688261816976998,0.0006834995704749674,0.0006969837254504385,0.0007047705496634371,0.0007136295181224659,0.0007197066893524538,0.0007311399804276794,0.0007437600884768041,0.0007558867796477282,0.0007676346008580494,0.0007822835557312095,0.000795003190380657,0.0007970979438204752,0.0007729885597857372,0.000741219654080482,0.0007049669104540129,0.0006819306154430156,0.0006686078589157217,0.0006656820109682571,0.0006619764040620223,0.0006556851656823073,0.0006407691626473643,0.0006247730871139292,0.0006112941514808205,0.0005974793871953126,0.0005850665270370846,0.000573473755622323,0.0005656486301645463,0.0005573838897800897,0.0005495376941829196,0.0005429606738072886,0.0005389028784779826,0.0005388798691823054,0.0005464305677670632,0.0005598607301515249,0.0005757296844842067,0.0005905043894562402,0.0006004644407701627,0.0006068344933117728,0.000618061487269563,0.0006332592325441504,0.0006530344629824536,0.0006773870786883836,0.0007016406312163368,0.000724880259139185,0.0007291376465373674,0.0007509289298420345,0.0007629425101147529
0.0006664091057146999,0.0006561724358672426,0.0006454252190108097,0.0006337461839899371,0.0006220741300375969,0.0006115871844521271,0.0006044215921245873,0.0005992946710126209,0.0005939317296472644,0.0005843167583864964,0.0005743166539323296,0.0005673302399934017,0.0005642564793436098,0.0005626079814526368,0.0005614135151457838,0.0005620052771412996,0.0005639408078241909,0.000567126969684377,0.0005704632847256892,0.0005738638727450157,0.0005777816718553953,0.0005823774560635783,0.0005881981343655364,0.0005953632279775664,0.0006062679639079476,0.0006178369722961238,0.0006300659097670218,0.0006466958470059488,0.0006650416547428537,0.0006834309760169664,0.0007002720488318646,0.0007105207352497158,0.0007146593519946188,0.0007022969000676644,0.0006896871501103165,0.0006785172591331447,0.0006736432771064655,0.0006702432464689922,0.0006678582516199033,0.0006648028415043542,0.0006674037866643434,0.0006714773691915188,0.0006762612814515532,0.0006758253988154624,0.0006612415861844763,0.0006397243487266507,0.0006234833151409382,0.0006199371158402641,0.0006355000622998455,0.0006592669916992006,0.0006846656594618924,0.0007007152175442329,0.000703820057757862,0.0007089208951851366,0.0007095204468979951,0.0007197550365066659,0.0007285597715954163,0.000745085832283767,0.0007637690813085907,0.0007838689846123651,0.0008043762573343199,0.0008252388777060462,0.0008335874302593784,0.0008240279894631998,0.0007877676126590862,0.0007416392504217278,0.0006982103894755417,0.0006606011347416009,0.0006336440022669402,0.0006123598438290296,0.0005986951036596113,0.0005895671333162283,0.000583795488049388,0.000576569810075467,0.0005700674782137303,0.00056579023596316,0.0005610429498285324,0.0005564893558483503,0.0005520370682033654,0.000548372887173639,0.0005461605798976289,0.00054688244492083,0.0005499106144735936,0.0005558861869016609,0.0005663247760391065,0.0005740282810418071,0.0005847846592912906,0.000598036908305062,0.0006082880239025187,0.0006177518727717224,0.0006233980551259815,0.0006291861063239949,0.0006352864869195312,0.0006419801313672073,0.0006445808937821069,0.0006447668658035186,0.0006503983091184625,0.0006543627609948337
0.0006660902000628437,0.0006454993791204929,0.0006354597069939018,0.0006286091242869577,0.0006179192500596637,0.0006077483632611774,0.0005967653824015715,0.0005892094913603588,0.0005786449234863447,0.0005696721789890211,0.0005637168832122937,0.0005623952002424274,0.0005642685003007905,0.0005678444630829074,0.0005708639486842814,0.0005791177965097292,0.0005864267409564549,0.0005902758851129211,0.0005923959373613561,0.0005939612268224798,0.0005972074940852854,0.0006030291016548652,0.0006124545633924405,0.0006224043981853545,0.0006305142669630224,0.0006342918104366047,0.0006379760547634619,0.0006448717769896174,0.0006528366341271896,0.0006636674933068918,0.0006794745715602898,0.0006947789615846351,0.0007095141020071554,0.0007105173761708136,0.0007004202210254914,0.0006915995421046231,0.0006851544477369579,0.0006831753227081015,0.0006865844971276388,0.0006951504608110709,0.000696943536429859,0.0006965098078148002,0.0006989682243532294,0.0007016848633996415,0.0006926822052409985,0.0006725358761350706,0.0006483360118077465,0.0006426537661470009,0.0006540062135262309,0.0006797613365343533,0.0007072249475065617,0.0007274670071375332,0.0007358198471241798,0.0007403495912978386,0.0007459068669508591,0.0007535800001488019,0.0007615232106347735,0.0007760893854546026,0.0007923931085610515,0.0008015371988785273,0.0008117329903794678,0.0008187627360593872,0.0008096603912279421,0.000794571041554736,0.0007707808807788513,0.0007402980365079562,0.0007089387003636492,0.0006897194447432333,0.0006765863910518846,0.0006668762192500616,0.0006528597236063593,0.0006351840746558517,0.00061953747284655,0.000603900827942403,0.0005893308669652126,0.0005796833303654793,0.0005711934208628508,0.000563875427459819,0.0005586778866430599,0.0005552146130534184,0.0005537454005955449,0.0005527822510709971,0.0005552038588282208,0.0005594792877268594,0.000564778358649321,0.0005730842958372363,0.0005833770960400854,0.0005941384978050586,0.0006080345003035137,0.0006233666270828072,0.0006357804876607985,0.0006434559494672749,0.0006513904945727965,0.0006634380005448551,0.0006808655939778566,0.0006997611606905142,0.0007311628387620635,0.000736644279316379
0.0007159479303724177,0.0006985362118533982,0.0006839197501545103,0.0006690793140770522,0.0006581007350349121,0.0006469198447374353,0.0006383691992778036,0.0006326089295930465,0.0006286364685589027,0.0006264583134014353,0.0006233495650676928,0.0006263138181317633,0.0006361458076820937,0.0006479398680671041,0.0006579833330577585,0.0006594328608696971,0.000657316908029408,0.0006544663685285347,0.0006537862596762489,0.0006612453834684485,0.0006767574681153217,0.0006978111050792348,0.0007210317783080023,0.0007417963473986326,0.0007610371942573485,0.0007740095439936758,0.0007809024348010867,0.0007812498915897629,0.0007787180425058524,0.0007706521857324115,0.0007626483381030819,0.0007528975711270251,0.0007440588180035681,0.000730493211327392,0.0007159521583901824,0.0006998972095287647,0.0006957316769528437,0.0007009569476663682,0.0007085235909621141,0.0007129564449981275,0.0007131734152459919,0.0007114035539129688,0.000707370453248858,0.000699785405552646,0.000690957289902162,0.0006846351284492772,0.00067701892027716,0.000668155883770382,0.0006625684999718001,0.0006647285861270101,0.0006740540780936515,0.0006859852332001406,0.0006964599117134025,0.0007084786611418738,0.0007182881992265776,0.0007295724558333642,0.0007450302903572237,0.0007648388823472911,0.0007846098208917343,0.0007960722615508626,0.0008117530226409859,0.000823148944645254,0.0008291391895785761,0.0008234396053092291,0.000809181758021932,0.0007892972440095004,0.000767713708147266,0.0007468211912815657,0.0007162221036613441,0.0006795830326732864,0.0006595373467024497,0.0006565268824265065,0.0006556151914443865,0.0006475020095140115,0.0006339962483109589,0.0006284302735795145,0.0006318917706727418,0.000648668035236361,0.0006702362152812046,0.0006882799648532814,0.0006877060184112289,0.0006729390905863258,0.000649607680423794,0.0006254098927675824,0.0006164837421289818,0.0006182908980957209,0.000625381053567173,0.0006310344733211755,0.0006385777105584028,0.000646610731540752,0.0006587498148712104,0.0006700832557212716,0.0006804165093831745,0.0006983658512526624,0.0007096890931132816,0.0007146684568506348,0.00073674143798144,0.0007503239486980442
0.0006182713096477055,0.0006084119067771369,0.0006040499612117476,0.0006003278405501556,0.0005989064010404897,0.0005947430115358168,0.0005921378543649016,0.0005916021773583124,0.0005848942629323699,0.0005755232988437534,0.000563457738471482,0.000552732512112455,0.000547565416815983,0.0005445559416948179,0.0005445487021030347,0.0005453508945949938,0.0005472328088952855,0.0005490083100486377,0.00054968774876668,0.00055075842163875,0.0005523088563666146,0.0005551017947815289,0.000558692218774953,0.0005638401404105836,0.0005702622790902537,0.0005773460382000735,0.0005869536757003635,0.0005994750608424383,0.0006140361221143417,0.0006311870825351502,0.0006497197840724865,0.0006663188888977722,0.0006735347557364688,0.0006706008227865987,0.0006635613265891613,0.0006548564710222652,0.0006503103173394658,0.0006458861075081763,0.0006436801966625413,0.0006464175591159032,0.0006509535756065123,0.0006568115381281925,0.0006601316165314102,0.0006634349049134098,0.0006593930254722239,0.0006485514228712568,0.0006343090060055783,0.0006268534255999459,0.0006274069950880889,0.0006435464856091172,0.0006599513466780905,0.0006744353976899735,0.0006864748942163991,0.0006937045653063171,0.0007002184452735331,0.0007061219544549037,0.0007159237426808038,0.0007298253729398516,0.0007467309879394048,0.0007626203570095918,0.0007777800746695075,0.0007759776863969198,0.0007562520928631038,0.0007191114896552395,0.0006788584860837976,0.0006453616780254795,0.0006221800896460242,0.0006054861084771724,0.0005948128217828513,0.0005882508820095552,0.0005853498071677703,0.0005822471970222512,0.0005796631222318753,0.0005753593867177029,0.0005696869571993286,0.0005619443715854873,0.0005541524136334293,0.0005469738470814968,0.0005420165514430175,0.000537928045621648,0.0005348920509800203,0.0005348804419349198,0.0005386692379714986,0.0005422323788252659,0.0005487483031594567,0.0005556622213335052,0.0005648358361604607,0.0005762960136582695,0.0005869185375049725,0.0005963295170733329,0.0006053850111826783,0.0006107230178912505,0.0006144935289635249,0.0006271633822018773,0.0006364891875050288,0.0006436704753291305,0.0006626393759703447,0.0006777838831445173
0.0006598091569169001,0.0006530277303312705,0.0006495396648310018,0.0006468763632986772,0.0006433666009411392,0.0006416777004686396,0.0006380084350927625,0.0006351978837380877,0.0006294766697643382,0.0006215585705585312,0.000612785056316743,0.0006048508918722361,0.0005973852546895087,0.0005926106748925081,0.0005919063888164857,0.0005932712254646975,0.000592792721925382,0.0005918028088696852,0.0005913133492490925,0.0005922658514584788,0.000594765014332398,0.0005975696983135116,0.0006019589702733998,0.0006074095249574403,0.0006143376983313852,0.0006220359260552718,0.0006315091116845538,0.0006439277503365364,0.00065888105389698,0.0006750519237202019,0.0006958923605090784,0.0007122417563652075,0.0007220822994128978,0.0007183178814504863,0.0007084368203288755,0.0006942584916916899,0.0006875181553705123,0.0006871082893725253,0.000691045155002984,0.0006926870351889147,0.0006937686824430607,0.0006931308108552151,0.0006913372361342873,0.0006843517321048395,0.0006744265169001656,0.000659869338627962,0.0006471176485334959,0.0006443244956443747,0.0006566308433008058,0.0006794139777191611,0.0007011227204043324,0.0007175389872310336,0.000726346875722078,0.0007273868260177104,0.0007286679164286707,0.0007381479920447795,0.000750427310556052,0.0007676123139791524,0.0007851314274573495,0.0008025546239645781,0.0008181597054805597,0.0008056540258407817,0.0007748724026271277,0.0007371492534780995,0.0006959826116164513,0.0006658308409372393,0.0006498144532673945,0.0006429217580957737,0.0006368551257894932,0.0006300818970112063,0.0006236137773926138,0.0006174567964873072,0.0006112511513299966,0.0006034717244863324,0.0005934520376531686,0.0005864952018918722,0.0005820465001625638,0.0005807101110604622,0.0005800725579098556,0.000582539392308273,0.0005865902246008588,0.0005891481101087193,0.0005910198150381413,0.0005918439206022986,0.0005946419436720378,0.0005948949825032284,0.0005961508663841693,0.0006018496117252894,0.0006100567955826169,0.000620602464189786,0.0006326437267034438,0.0006410767782699819,0.0006457238939477974,0.0006547128677011352,0.0006634219991818686,0.0006737468574272455,0.000698961772824642,0.0007271153723564031
0.000729428882077543,0.0007241625590378765,0.0007119184200188032,0.0006978923843727099,0.0006795642625212846,0.0006599592374220187,0.000652071275233916,0.000643180985483908,0.0006330557197046276,0.00062235721894831,0.0006154569436300764,0.0006092752541721682,0.0006087816641592146,0.0006132728465878176,0.0006215188653324518,0.0006315945760648248,0.0006416324694677672,0.0006512611065081144,0.0006589920060257534,0.0006650001486711676,0.0006700158399233562,0.000675086345319129,0.0006828634490821496,0.0006921069866544312,0.0007041541006847,0.0007259299026324163,0.0007596275303685697,0.0007921516980663293,0.0008172061861217762,0.0008306345176126691,0.0008329342843666977,0.0008292183853083819,0.0008193562782188451,0.0008047037380829332,0.0007846020417213661,0.0007626462971510698,0.0007390870486094561,0.0007156892937495195,0.0007041973711720121,0.0006992219137916496,0.0006974681728504248,0.0007071811567619831,0.00071932462336016,0.0007334913738703182,0.0007368408646402358,0.0007316378129251,0.0007193267186385377,0.0007119618951461701,0.0007214574501653297,0.000738469856207257,0.0007514529910463617,0.0007583158286494119,0.0007654113277006537,0.0007649972599274842,0.000769172435790168,0.0007789924178799166,0.0007938223904087876,0.0008113874789773434,0.0008348996856709853,0.0008678385619322057,0.0009053321168146892,0.0009378180403253512,0.0009721411852116548,0.001011697969640442,0.0010254323900613115,0.0010151126354516476,0.000963508303637712,0.0008906737881324514,0.000826590360268769,0.0007818028611953955,0.0007467419395011408,0.0007148044452134291,0.0006888535693460037,0.0006710962910430349,0.0006560235851326768,0.0006430199493650205,0.0006290925767001016,0.0006171114136009759,0.0006068685371271082,0.0005989226243397262,0.000595479943922455,0.000597950285745203,0.0006077440708402883,0.0006200050074469672,0.0006302008852817427,0.0006338894849044447,0.0006348415296353285,0.0006387092890379067,0.0006474972155779873,0.0006581011533457528,0.0006697560314506484,0.0006813294827214839,0.0007001966781133316,0.0007122688493715662,0.0007199987534401836,0.0007124278133266198,0.0007117402760160341,0.0007147114491519123
0.0007078343937067302,0.0006974840389317717,0.0006883406414202361,0.000679251858594542,0.0006683038707370506,0.000655952251702771,0.0006410303835377342,0.0006277714678790905,0.0006174375142965408,0.0006106399141757377,0.0006072093370449129,0.0006018681419928724,0.0005977737271986065,0.0005980114011835496,0.000596921497452319,0.0005953843995385008,0.0005933184621065428,0.0005936340368992273,0.0005969358002472604,0.000600167807486786,0.0006026620746503632,0.0006064684383131699,0.0006140713671449868,0.0006241949395106902,0.000632133248736272,0.0006359566932356847,0.000636801312719062,0.000636400217348509,0.0006371242110987249,0.0006439067241306327,0.0006517794321582091,0.0006579398306985819,0.0006660986250690194,0.0006732831260799034,0.0006763272319867838,0.0006762153640322747,0.0006776240158656448,0.0006747755679369123,0.0006729673602405811,0.0006748365394618369,0.0006774907526374662,0.0006811562129555406,0.0006773081000216782,0.0006674742726795384,0.0006556359941513577,0.0006412809632875105,0.0006290978112226482,0.0006244557206427547,0.0006383388678417041,0.00065607627032047,0.0006752523633094125,0.0006871942898607819,0.0006976315908316439,0.0007028145864994467,0.0007076216480381441,0.0007079618125114484,0.0007173605835763116,0.0007330107634938605,0.0007523906632877171,0.0007725226027184391,0.0007866205447026121,0.0007926646815086121,0.0007859759062645821,0.0007574947720100721,0.0007226532090669543,0.0006923501115670801,0.0006747435369592812,0.0006664244552124766,0.0006575508725017321,0.0006460778383944793,0.000634150605103397,0.0006254642024519369,0.0006192831173000993,0.0006118166851050556,0.0006003799915397606,0.0005873655933284686,0.000576007182832485,0.0005670838890101352,0.0005630800574743582,0.00056126540283363,0.0005627698787577094,0.0005652432137046795,0.0005680224262614275,0.0005738847069657332,0.0005832401097159201,0.0005937323038354171,0.0006059308529589538,0.0006194259717320493,0.0006313139170371801,0.0006410394220265332,0.0006464157937574598,0.0006475475577171396,0.000653877256934136,0.0006612538209768501,0.0006715712922660343,0.0006715407758227541,0.0006750514102671783,0.0006802082305484929
0.0006998765853653678,0.0006923302238124443,0.0006826122787158116,0.000680380292448028,0.0006740411794200593,0.0006601475129825608,0.0006491351129218808,0.0006379647288857609,0.0006235715183987875,0.000611050181323897,0.0005991159455445839,0.0005838050980119949,0.0005700268103515601,0.0005602723827355513,0.0005553094748126031,0.000552611526912416,0.0005505551115956049,0.0005511872638362047,0.0005556429760458405,0.0005627623661118243,0.0005704473217540141,0.00057866195663677,0.0005905186350006265,0.0006028902994640276,0.0006141340516364293,0.0006252453215087024,0.0006364281040558632,0.0006483790861598636,0.0006654739862348065,0.000687193692368299,0.0007085559054512755,0.0007106176540099176,0.0007064438395339111,0.0006989483229125257,0.0006880891989191795,0.0006692422216384676,0.0006537156588325449,0.0006482473680654623,0.0006454936936316785,0.0006477436729290879,0.00065352241456359,0.000663038520365773,0.0006672555958307104,0.0006704047889439801,0.0006679856892855016,0.0006620715313064176,0.0006534046039523948,0.0006485713079350838,0.0006477401669013293,0.0006489880265692083,0.0006496265146376897,0.0006544823364481865,0.0006615199382444452,0.0006685898549303905,0.0006759609859652745,0.00068232721529047,0.0006898115771541548,0.0006991084818425942,0.0007124011255099112,0.0007316892457472382,0.0007534402983168897,0.000769811273670895,0.000772155280330216,0.0007531175715302575,0.0007241287011452771,0.0006969376634406769,0.0006778628428240577,0.0006699407854999351,0.0006564842022527461,0.0006316901287008419,0.0006038558819973165,0.0005832866094293719,0.0005729229205733816,0.00057037435659932,0.000564511918688932,0.0005562547364535323,0.0005526774012025359,0.000554381271686293,0.0005566448156842604,0.0005564349886231612,0.00055344987800453,0.0005496924856802368,0.0005472072636719552,0.0005514410272067868,0.0005607187605055697,0.0005725049553377289,0.0005811082641020433,0.000588401017280554,0.0005938234301704832,0.0005977996969128837,0.0006035493816630632,0.0006112829051517462,0.0006249255143266971,0.0006422664859546077,0.0006622799254165556,0.0006732452094796499,0.0006883751027604745,0.0007068178294565905
0.0007166925808995323,0.0006977008248636393,0.0006817800372703479,0.0006694917586967381,0.000658682183669298,0.0006461029872141524,0.000634038545350111,0.0006222518447733891,0.000606306909158795,0.0005945202336724942,0.0005811364533383818,0.0005711931636912301,0.0005645622269454725,0.0005618936127297135,0.0005626209637124025,0.0005657729917420861,0.0005666800650868741,0.0005662115352927185,0.0005660230992863123,0.0005675233426510818,0.0005698184536442939,0.00057528496150553,0.0005834188220546576,0.0005924647082508025,0.0006002315681838924,0.0006062084919791232,0.0006105232353115929,0.0006132845005674102,0.0006178842587679843,0.0006252043319611592,0.0006326314777063795,0.0006376956723427396,0.0006411447123041861,0.0006436862290893111,0.0006491855582359547,0.0006536743602137335,0.0006615622475531378,0.0006687078384129964,0.0006812188200130364,0.0006952563321947595,0.0007095748489746774,0.0007201374705219949,0.0007221532234839788,0.0007138651320732298,0.0006948948519983382,0.0006728529750896767,0.0006557200697616395,0.0006482225225971179,0.0006568724735893166,0.0006797086622465664,0.0007056927424236019,0.0007294682231004186,0.0007441464663017204,0.0007495815695499155,0.0007489071192553475,0.000744664107365089,0.0007415225140489451,0.0007334927966141604,0.000723947902769062,0.0007149550190656273,0.0007113605428318813,0.0007085122473315306,0.0007000228986067494,0.0006894502910153766,0.0006743313996226059,0.0006598494719180099,0.000650577531092606,0.0006429322425671094,0.0006330763364129058,0.0006212480192825558,0.0006079023513052166,0.0005948755910851183,0.0005839676968938035,0.0005730020009118975,0.0005624546998824438,0.000555040282371411,0.0005485049220449432,0.0005444151437544548,0.0005425204140335088,0.0005414397414119341,0.0005441538433827762,0.0005498653318186642,0.0005565276216042002,0.0005683877320185241,0.0005842599138688424,0.0006012150493522002,0.0006134840294296459,0.0006215574979830922,0.0006269209030380006,0.0006391359077951997,0.0006577122453366545,0.0006688948380144736,0.0006772674802991063,0.0006993323886738803,0.0007225356794976204,0.0007312625886776865,0.0007677258043049685,0.0007984032786597496
0.0006709515729971937,0.0006557006539800711,0.0006463946134204229,0.0006386900049852325,0.0006277136076435976,0.0006163368667390373,0.0006091974492226564,0.0006005039409083998,0.0005898803544389329,0.0005789019309635448,0.0005664284515505886,0.0005574504598548207,0.0005530233957732213,0.0005500334781719209,0.0005505712909081389,0.0005531783180122771,0.0005552927306277101,0.0005580618755563209,0.0005614530012281511,0.0005650875310244409,0.0005689737457014492,0.0005736835406064868,0.0005800306257938945,0.0005868587159940121,0.0005911762659123243,0.0005938089731851773,0.0005977198146290792,0.0006044159911148231,0.0006165308475269631,0.0006347134751610829,0.0006545026703046808,0.0006748487577578445,0.0006914260889451396,0.0007003975993644035,0.0006990894038313546,0.0006943485809154929,0.000690594388390736,0.0006879567800210673,0.0006858223008174047,0.0006868675563504965,0.0006912579628744491,0.0006949897465229239,0.0006957995704465052,0.0006920085314686556,0.0006815390395702461,0.0006685823326797236,0.0006544215417921856,0.0006425404639902241,0.0006473482141616042,0.000661633233239002,0.000678818376495357,0.0006918491974578985,0.0006972721582857738,0.0006946116146268335,0.000696819227192739,0.0006980174773387198,0.0007008862521106003,0.0007079957978618677,0.0007084270850296393,0.0007068186884686235,0.0006964819769526222,0.0006812734865842972,0.0006662334269351933,0.0006483457245410305,0.0006302488604813176,0.0006182061847975984,0.0006101525374471937,0.0006029905327549611,0.0005953682674879185,0.0005879450843942291,0.0005801597127052988,0.0005718548481810152,0.0005631303843364497,0.0005540097746831495,0.000546803403482877,0.0005412060433440939,0.0005382551150841711,0.0005371869524248377,0.0005364106503246765,0.0005354917409683291,0.000535482832021278,0.0005373236449299752,0.0005419976507138771,0.0005479681266820207,0.0005553428493793811,0.000563073347074282,0.0005731171947547627,0.0005836240681330074,0.0005937104844085234,0.0006070453272831465,0.0006186854454359024,0.0006280303222901235,0.0006371314176430109,0.0006429504471709749,0.0006423178917796565,0.0006393589376644199,0.0006465101683968801,0.0006524528035085689
0.0006411844357396256,0.0006428534817669136,0.0006371291977608016,0.000631914718861804,0.0006237223268082575,0.0006108622670957047,0.0006013334625907538,0.0005908141506862684,0.0005802893240873477,0.0005695301889878059,0.0005581910985217595,0.0005493945074101607,0.0005447455162232105,0.000540109111055918,0.0005405536658328606,0.0005418024479331556,0.000542510929303028,0.0005433759888868417,0.0005451115177693795,0.0005479611604296412,0.0005496439746995064,0.0005504072425089435,0.0005523130303625222,0.0005573521190174159,0.000563565176249139,0.0005686018764531877,0.000572802885545864,0.0005784621012586134,0.0005864690602584764,0.0006014260823561772,0.0006206771982167019,0.000638636850378109,0.0006521058422943527,0.0006569609148927496,0.0006583421436029205,0.0006567635348197449,0.0006543941799407898,0.0006521261739480118,0.0006505352396856943,0.0006480446653693561,0.0006440613324992288,0.0006401435608766006,0.0006353710857659047,0.0006251644938517362,0.0006105822690369352,0.0005932687965063918,0.0005815156014823812,0.0005812095013448768,0.0005956605734389778,0.0006167936135886503,0.0006387798508815316,0.0006587288934864535,0.0006747522782998769,0.000681713304144867,0.0006892906498332438,0.0006922811396880154,0.0006975259770627105,0.0007028519795083848,0.0007029576007854054,0.0007017413370314049,0.0006957558636055752,0.0006800423319816858,0.0006598353044705688,0.000636596581310224,0.0006170358181602242,0.0006028093693218701,0.0005920949994802153,0.0005852119444203611,0.000578918726536731,0.0005729266444939912,0.0005658026228766679,0.0005590108883372193,0.0005557203018803613,0.0005526782042410702,0.0005477389870846827,0.0005414582566273225,0.0005351474414269908,0.0005306495896459308,0.0005277491187880805,0.0005280845667788237,0.0005317542984037927,0.0005381703209264378,0.0005430569257106244,0.0005487050301180804,0.0005547593767898913,0.0005627936899643821,0.00057219931894919,0.0005836066792085689,0.0005923319968633755,0.0006020688217253581,0.0006096294155512581,0.000616606774672283,0.0006195857819600007,0.0006301988666098036,0.000643550444793504,0.0006475059426649868,0.0006591553207431523,0.0006705354921731672
0.0006639463999731603,0.0006621596222508148,0.0006574431531408642,0.0006492891616897183,0.0006451878578936761,0.0006454194349487644,0.0006573765122872396,0.0006709554667181986,0.0006802149636192386,0.0006874462784777056,0.0006939453414100589,0.00069762007001776,0.0007027668692536054,0.0007017545799816768,0.0007016636553215713,0.0007021304989290736,0.0006899643149530576,0.0006706573362816651,0.0006537321687271966,0.0006447186401062168,0.0006496235797422873,0.0006695917820957527,0.0006974074623258265,0.0007193898712994016,0.0007340846275053874,0.0007378453153094209,0.0007422710930954772,0.0007465038190616455,0.0007550672769658976,0.0007572382345099037,0.0007632599896018374,0.0007634313712628076,0.0007594405277081888,0.0007469040184944799,0.0007335981003791842,0.0007202195047626076,0.0007107605840689497,0.0007040119904373763,0.0007020852764571268,0.0007002654292729019,0.0006993257638734154,0.0006996962781553209,0.0007004727306192833,0.0006971552362606737,0.0006939965743216227,0.0006847384304926516,0.0006714130107576398,0.0006628798246362411,0.0006645245227756085,0.0006794473322222536,0.0006974746351431161,0.0007123189827362686,0.0007217890846969901,0.000729649872279657,0.0007397508183882749,0.0007499317393279718,0.000756190265166838,0.0007645622803349397,0.0007775404172122106,0.0007976210992010792,0.0008190488279295123,0.0008399163317595969,0.0008531302827265722,0.0008571372988895701,0.0008493096296837614,0.0008348159976565584,0.0008153070127306555,0.0007989264121706064,0.0007918762452005461,0.0007772202728140846,0.0007552518100454277,0.0007256049254121637,0.0006907432952303019,0.0006525972127801943,0.0006217798010962349,0.0006080760057912812,0.0006195805780320185,0.0006613914162684511,0.0007147074879948712,0.0007609029775466054,0.000785134817581482,0.0007862248933801277,0.0007699113654508141,0.0007339709213104486,0.0006887350743463024,0.0006542526366377366,0.0006322026137031906,0.0006277775500317043,0.0006343997520600033,0.0006459298246776799,0.0006524711131012358,0.0006553927744859784,0.0006635504680888913,0.0006749533866354825,0.0006933832334810866,0.0007071497864741582,0.000726228347452491,0.0007525722614891121
0.0006709192464737404,0.0006642208050007417,0.0006572782574730849,0.0006550630670074146,0.000644626251203252,0.0006332565987960769,0.0006244223123393329,0.0006167688868924867,0.0006031881450752954,0.0005880622548397823,0.0005700141926179703,0.0005580248018411584,0.0005481349234061824,0.000540549015039726,0.0005392805773166891,0.0005395066592414555,0.0005399594157858886,0.000540359594527662,0.0005406045089762089,0.0005415542005838264,0.0005434950467389648,0.0005468258446637285,0.0005520749992428681,0.0005584291838641002,0.0005642155945385055,0.0005678577664043436,0.0005697183100587286,0.0005734169938072565,0.0005826885065877754,0.0005990132320605537,0.0006185665165532539,0.0006387974638477069,0.0006551986423511576,0.0006668518302942966,0.0006734902241085262,0.000673661880456738,0.000667816744099819,0.0006650259954903815,0.0006675225049111481,0.0006699183146236993,0.0006709918817184145,0.0006697107818706224,0.0006685016717286004,0.0006690292355119003,0.0006623034689741393,0.0006448285280779512,0.000620492357740316,0.0006051585804508608,0.0006127810752283872,0.000633063360595106,0.0006579125633584897,0.000679324017257784,0.0006932955133041924,0.0006955586927605466,0.0006942645858999607,0.0006859959736877276,0.0006745737890199375,0.0006618523529505431,0.0006510448914199203,0.0006455204260593034,0.0006447727725521568,0.0006446065942830438,0.0006398653687975101,0.0006313084400336813,0.0006185057065705368,0.0006065479057390901,0.0005966929655435792,0.0005876375822875398,0.000580951438033768,0.0005737760019536492,0.0005666359372641304,0.0005609257634177717,0.000556503117768783,0.0005516782725445388,0.0005465572703335464,0.0005420254358921209,0.000538890633658284,0.0005365692039583768,0.0005350098546299594,0.0005334146884026491,0.0005327497177250675,0.0005331071417285802,0.0005361843557384108,0.0005439711505173014,0.0005558434644931815,0.0005661744960897185,0.0005753714702303726,0.0005829702950141891,0.0005929591466421158,0.0006033071365579014,0.0006135442345040145,0.000625233520388185,0.0006359679404127739,0.0006519133390121228,0.0006644010066947737,0.0006625691179630807,0.0006669854041741921,0.0006751193613433343
0.0006427603961621022,0.0006394857181162946,0.0006356217058844063,0.0006304594266026401,0.0006231334046755469,0.0006173779079992944,0.000615495170928126,0.0006147782135816753,0.0006069766771753704,0.0005970416723329115,0.0005866750951847478,0.0005801198806903401,0.0005779651012871356,0.0005761722627467956,0.0005752764820598944,0.0005751748217550912,0.0005767425070408404,0.0005809467453139152,0.0005868866810713916,0.000593021933230216,0.0005978944997634041,0.0006029789899040518,0.000610309081233512,0.0006204540781709521,0.0006311654064848353,0.0006416389633468675,0.0006552841241233424,0.0006725181067086137,0.0006928114774834127,0.0007075400213524605,0.0007139818303805072,0.000712385770275436,0.0007102405476192167,0.0007038289379219644,0.000693751159892218,0.000682415517529763,0.0006759060870203183,0.00067349448487253,0.00067290241995788,0.0006693548947874483,0.0006666347619894494,0.0006692519389576684,0.0006738645210174802,0.0006774422973208878,0.0006774335566088019,0.0006735178172861574,0.0006689941816643601,0.0006633938278196211,0.0006643277237817452,0.0006696737270276921,0.0006803237846030014,0.0006919350999143892,0.000701150077826176,0.0007092983795768864,0.0007212291659181838,0.0007326518168535095,0.0007488405927342965,0.0007660968893937693,0.0007799518369108254,0.0007930321057130502,0.000802594264475307,0.0008123502357406006,0.0008142002611254568,0.0008017472380046282,0.0007771360696056873,0.0007428071182691069,0.0007073376718470401,0.0006770931997731517,0.0006562755746562759,0.0006416000193684958,0.0006306595557399957,0.0006176696171226483,0.0006045518952814033,0.0005920668203577088,0.0005816825768619597,0.0005742244230033413,0.0005690425716195993,0.0005666125395577005,0.0005673061329057078,0.0005699454302162319,0.0005729197437484977,0.0005764249113603185,0.0005803540888889044,0.0005868749828402825,0.0005944519586083515,0.0006021189467505297,0.0006111426548753244,0.0006242104327164561,0.000640254338969842,0.0006567288388449126,0.0006716815943482625,0.0006858877178261911,0.000691700840667138,0.0007128226291332007,0.0007300316456455227,0.0007291432876364424,0.0007569043551028522,0.0007744200902705565
0.0007240711938469552,0.0007227598414590422,0.0007112113666597451,0.0007057212193496813,0.0006914456784286951,0.0006775448256693294,0.0006743856928207501,0.0006535039698046747,0.0006398199224932013,0.0006274417404268573,0.0006182724017657629,0.0006083392537898962,0.0006049204314184277,0.0006052534297181393,0.0006088040206435348,0.0006112613949296584,0.0006110723105440901,0.0006116587886368765,0.0006158572103786137,0.0006213008942183784,0.0006264009037133101,0.0006322816686740862,0.0006430213695779885,0.0006578623009531331,0.0006727399853813783,0.00068653623891208,0.0007021971561824016,0.0007185596213124178,0.0007365080301264983,0.0007519088693203523,0.0007669674771316806,0.000771044568424756,0.0007720648516630394,0.0007688028377563632,0.0007586436254762079,0.0007451416612884029,0.000732518359069544,0.0007204687404081295,0.0007090499801535511,0.0007038309901830524,0.0007080545370759368,0.0007134229190624711,0.0007191156657258502,0.0007212346307963239,0.0007155787133936809,0.0007019021281370885,0.0006911705168430679,0.00068562725959196,0.0006927221283846674,0.0007056251689544626,0.0007193215864816404,0.0007307096247582737,0.0007385731885637017,0.0007411000815003503,0.0007456444660818062,0.0007541995123508062,0.0007727959880550984,0.000791880332292088,0.0008080565340376259,0.0008227882972002167,0.0008406388672086354,0.0008579752757581568,0.0008741623387108414,0.0008770967613460719,0.000866350305696824,0.0008446849385235382,0.0008030247274372822,0.0007578831407322829,0.0007195170933486902,0.0006910902273935016,0.000669276324174267,0.0006538305490170892,0.0006380384896685268,0.000621612138355608,0.0006076558338731777,0.0005984354799366035,0.0005947234919372231,0.000593179268130462,0.0005933774444625053,0.0005926148076342808,0.0005921856978037043,0.0005940571789770594,0.0005961635189236854,0.0005997525874231467,0.0006059940208706786,0.0006135775037522069,0.0006229194249681558,0.000632781397395953,0.0006428514022286237,0.0006566241692374003,0.0006683778137161913,0.0006769627416379222,0.0006837787067255884,0.0006960020826598601,0.0007100330015455192,0.0007131738410652708,0.0007349988731144644,0.0007524406852483945
0.0006746205190602372,0.000659555498203998,0.0006465854696581317,0.0006377092970997945,0.0006263935800875415,0.0006148758066767124,0.0006090193483629688,0.0005999152042548713,0.000589688121330094,0.0005801244153793663,0.0005690927704796152,0.0005607493955569803,0.0005559430658808603,0.0005495948503852843,0.0005442469265624969,0.0005427450503022883,0.0005434739244817693,0.0005468936441811335,0.0005523642174963079,0.0005595301921445236,0.0005667513684596486,0.0005737672411476807,0.0005815270680704554,0.0005892211452218606,0.0005954616461148376,0.0006021306144008172,0.0006088895224769498,0.0006180009231851792,0.0006309353262476923,0.0006473522766572187,0.0006665692381345648,0.0006865785523705172,0.0006977882061806756,0.0007030886787891543,0.0007004745218006661,0.0006912967643164825,0.0006806048581059163,0.000671551431913088,0.0006666686145355851,0.0006627881879604268,0.0006600361524052057,0.0006590174227048118,0.0006601570918185712,0.0006631971740001108,0.0006657245573750321,0.0006668061550164789,0.0006608494888970206,0.0006568208228542393,0.000659889159822795,0.0006720789913098315,0.0006859071845373048,0.0006996561549138409,0.0007064750456773877,0.0007115732666803932,0.0007178738355665208,0.0007253534161201254,0.0007316804471090739,0.0007378438793691094,0.0007459680021974942,0.0007388270496730832,0.0007314595790500854,0.0007261248483684632,0.000718738397743544,0.0007034061818763721,0.000681779653376795,0.0006582315997453863,0.0006395166999437806,0.0006240145176095836,0.000610694935960682,0.0005963317928021929,0.0005809924361814757,0.0005695839814408722,0.0005609634273054371,0.0005538081729836561,0.0005475750265079855,0.0005412863403007297,0.0005363865603309933,0.0005340367975477851,0.0005339331564483701,0.0005347346827849562,0.0005358474623538016,0.0005400095727413573,0.0005477701309238477,0.0005561763573911571,0.0005679006274817548,0.000577545054589857,0.0005886018077400299,0.000599428335136893,0.000612111751949375,0.0006251833625469529,0.000634690144009873,0.0006434487342348308,0.0006527531001748427,0.0006658510347223027,0.0006857318425958133,0.0006990728498870971,0.0007204173293926015,0.0007434592766903552
0.0007372343823339192,0.0007237932048699758,0.0007157641094085548,0.000713207612542791,0.0007004117625370055,0.0006934091453831712,0.0006854209395695018,0.0006748484423942032,0.0006578596823079608,0.0006422785915062575,0.0006284871937237711,0.0006169528957226406,0.0006160536700821792,0.0006212132823279645,0.0006249523656759048,0.0006254959230793555,0.0006269668713101379,0.0006323591674900687,0.0006398471563438297,0.0006481511972547664,0.0006612426796907889,0.0006828508195313438,0.0007114216574864796,0.000737967956951203,0.0007546812190641299,0.0007624201772842512,0.0007670423884350998,0.000770241821451807,0.0007707249992332011,0.0007710698508492013,0.0007725306928773855,0.0007704883248662797,0.0007693153419566026,0.0007645453483883404,0.0007509264337914259,0.0007399063789475738,0.0007364236814483443,0.0007398507681868067,0.0007454886128701431,0.0007522187907786803,0.0007560693213825078,0.0007591042935002582,0.0007616928431816933,0.0007621351696541526,0.0007600164318880479,0.0007569425230526923,0.0007558845222646394,0.000760747407191342,0.0007714003366830506,0.0007805878801019465,0.0007875375409174047,0.0007906378425819849,0.0007906384507768386,0.0007927198081251331,0.0007974781600855121,0.000808899703474479,0.0008249871931493843,0.0008463534637168033,0.0008664708356297681,0.0008870369802628693,0.0009040506043325793,0.0009198046371195108,0.0009261794800732349,0.0009227613696791847,0.0009005075698126804,0.0008726341026819338,0.0008436913859265041,0.0008155700897487462,0.0007913385843041305,0.000768119160219484,0.0007478327984556126,0.0007241153455067635,0.0007046958618751253,0.0006819379844140806,0.0006563432903445784,0.0006330712532484357,0.000618740614396622,0.0006150891807830471,0.0006147860012979291,0.0006135777643173023,0.0006127386893634781,0.0006114342461621897,0.0006126696906316825,0.0006170892068335226,0.0006247609160076185,0.000630493461042352,0.0006388151729772229,0.0006473986442826945,0.0006573252812313192,0.0006699433785017153,0.0006860650214979006,0.0007050839438526147,0.0007179811860748277,0.0007378423105284086,0.0007552854008324691,0.000750355806111224,0.0007677105366284287,0.0007731051230379565
0.0006656786410270101,0.0006516960780125744,0.0006420466063253596,0.0006348612552963778,0.0006315271249214055,0.0006259317678887701,0.0006186608804398862,0.0006082603102546805,0.0006006306075040742,0.0005953645582239044,0.0005896454815756717,0.0005812521130111259,0.0005745858767713362,0.0005723720411224041,0.0005708766212979552,0.000574246480749218,0.0005798800967684319,0.0005872881610184036,0.0005935690248455881,0.0005994029560841534,0.0006067591595908033,0.0006205433589860486,0.000643816299952162,0.0006740899609869559,0.0007038223313305037,0.0007293752384502427,0.0007518021434826455,0.0007699083876608451,0.0007869808776475456,0.0008024570146954133,0.0008168680125409756,0.0008270782185480333,0.0008245797455695233,0.0008145497929457709,0.00079665616854201,0.0007709379872408163,0.0007470415085991603,0.0007267489885812235,0.000715478175446512,0.0007081696742827346,0.0007036153642437598,0.0006972257668053064,0.000693480678753106,0.0006986034244340667,0.0007078501883766564,0.000711570294111334,0.0007109346606773877,0.0007106169745794619,0.0007273710483891168,0.0007463039153797953,0.0007652822007850047,0.0007779719007372276,0.0007864393661070308,0.000784881382009744,0.0007767787653551187,0.0007597982385863575,0.0007243058815741477,0.0006981660810530733,0.0006807480619948421,0.000671354488746074,0.0006768362530271797,0.0006903245404892553,0.0007015338697698277,0.0007077503361265493,0.0007139083627498229,0.0007209348925182665,0.0007230368745084805,0.00071978437398089,0.0007056576425214485,0.0006818396373431825,0.0006526006575792337,0.0006270413091836025,0.0006086995669103196,0.0005942246885430653,0.0005830362088334629,0.0005728806248399912,0.0005648419800168985,0.0005601141059135752,0.0005580485712896212,0.0005595433644049184,0.0005647409565671089,0.0005704962983957987,0.0005755987692823363,0.0005794162420855876,0.0005828484594788909,0.0005880133809785376,0.0005942490303236697,0.0006036430273007621,0.0006146229186073772,0.00062882182338156,0.0006376644835585063,0.0006444129297255416,0.0006513448930755335,0.0006608003592167624,0.0006788663165120369,0.000679442229772056,0.0006990566401697683,0.0007095143446809932
0.0007578880880412825,0.0007388812049835452,0.0007198546865903169,0.0007078448788840531,0.0006965630990159984,0.0006845780271778268,0.0006739319228487435,0.0006629954960968334,0.0006491836396806627,0.0006309116629896763,0.0006130454127627157,0.0006008209481724047,0.0005931343036667356,0.0005883835111630275,0.0005886416335127362,0.0005928036046378288,0.0006001928134850147,0.0006076893251706989,0.0006140073678140905,0.0006183658659352849,0.0006213595139875674,0.0006234085112508805,0.0006263247271985332,0.0006312446544255601,0.0006371248350164237,0.0006424934510363977,0.0006483726125404213,0.0006515134395868155,0.0006559622677435414,0.000663415675577969,0.0006819041880136686,0.0007002123095339529,0.0007201850838932876,0.0007299124144306877,0.0007310734613749866,0.000728260406651153,0.0007272995072328112,0.000728844780492945,0.0007376349469208029,0.000745368525871194,0.0007499554442263306,0.000750876784118655,0.000753470541425946,0.0007525780782188301,0.000748336211983764,0.0007416713898232825,0.0007427052309639215,0.0007500242805823713,0.0007628278292988272,0.0007727550129127928,0.0007792092576295081,0.0007822599512619214,0.0007875797464901482,0.0007920486015676698,0.0007959521352740695,0.0008049734638871212,0.0008114674974590882,0.000822693170486232,0.0008234338864203076,0.0008218413318161743,0.000808551806007679,0.0007990366804234944,0.0007893923621237715,0.0007662279147802299,0.0007370518976489235,0.0007089040838311639,0.0006855315175874019,0.0006715489597175183,0.0006630384441412312,0.0006564444358476492,0.0006461049231576761,0.0006348040753264355,0.0006262723751502871,0.0006181348505602868,0.0006068656192805404,0.0005915198341162933,0.0005804064211332627,0.0005758168454328029,0.0005742729102009316,0.000577715463621197,0.0005811975234818426,0.0005855433839503689,0.000591150948471756,0.0005984503420541113,0.0006097021658658669,0.000622785202467967,0.0006375616854760932,0.0006527105109832129,0.0006633863982703588,0.0006752793621624017,0.0006907389964774727,0.0007021821760551076,0.0007166570589213123,0.0007369355258134597,0.0007603162973954522,0.0007650129884627958,0.0007832654934567501,0.0008008573137224173
0.0007003723759400115,0.0006890157459816304,0.0006727063456196573,0.0006555792699278369,0.0006437232517500076,0.0006338384018323808,0.000624100701708523,0.0006146039167241905,0.0006049708895406219,0.0005968065309792392,0.0005893371042019936,0.0005862951979706244,0.0005874287636385175,0.00059130578569198,0.0005980744918090124,0.0006061825943549254,0.0006127631867662458,0.0006178129994475964,0.0006231879951578735,0.0006296312178408556,0.000634952812702256,0.000638364717198656,0.000642527679452103,0.000648680260678333,0.0006554283887596029,0.0006613461078938561,0.0006669384193935876,0.0006766423088020304,0.0006865332495883121,0.0007006038443264059,0.0007142429512616606,0.0007223903349979344,0.0007241077243178916,0.0007198564942354958,0.0007152279262066314,0.0007172236496778963,0.0007178091239486749,0.0007184627796704001,0.0007164267321384908,0.0007161728155629814,0.0007208545266013183,0.0007308302365696494,0.0007433510346269685,0.0007508101664831677,0.0007495595664769599,0.0007401599518695206,0.0007261154549303618,0.0007125011515947919,0.0007120710615478931,0.0007191479145495876,0.0007332748630182344,0.0007460263394321623,0.0007552320442841678,0.0007586017836499084,0.0007625277978557513,0.000765568822403451,0.0007671369511963312,0.0007740101564816233,0.0007752337339553748,0.0007825195841005001,0.0007904278247990099,0.000799593697589766,0.0007906734864764046,0.0007739395236204229,0.0007483528271637538,0.0007193576432745659,0.0006938330014939908,0.0006714481769609473,0.0006510876551298868,0.0006313092137594963,0.0006174887400091302,0.0006122093358276448,0.0006092330517734084,0.0006029012660237509,0.0005958053490958832,0.000588638287873652,0.0005837248479534868,0.0005797463591854249,0.0005762281454348274,0.0005725899321588694,0.0005681133797808311,0.00056416695594855,0.0005618641213227828,0.0005646351994603542,0.0005723878618104628,0.0005851575703929827,0.0005979418029155881,0.0006111069468037625,0.0006233872563676488,0.0006323698512081641,0.0006436715070418963,0.0006521451389421196,0.0006583178508359477,0.0006641231759319061,0.000677856170026179,0.0006881439763022752,0.000710665911657396,0.0007342804518469054
0.0006684095764921267,0.0006669341285477475,0.0006588213146453743,0.0006516295983067357,0.000646325861530415,0.0006351112083484401,0.0006262772159222517,0.0006138066714040659,0.000604002435908348,0.0005886645554925148,0.0005734503078190256,0.0005661135411497883,0.0005645128701245234,0.000564048957004136,0.0005647655918225675,0.0005673485551456043,0.0005708145322518964,0.0005742100562987816,0.0005780072504805321,0.0005820652594083331,0.0005872634264169598,0.0005944617101386156,0.0006041784272577396,0.0006138444089530203,0.0006217098272033848,0.0006294818372773563,0.00063675969687925,0.0006427392409671345,0.00065111935061998,0.0006624689479777788,0.0006720261513569226,0.000679540159562744,0.0006851815232829008,0.0006905649289908962,0.0006910299997175026,0.0006927103854235285,0.000694123291704956,0.0006956579005279692,0.0006973358065837153,0.0006987974063994916,0.000704152843440821,0.0007102469452722168,0.0007171224249171443,0.0007249320152663139,0.0007277879902633744,0.0007223277036968131,0.0007097005379838638,0.0007001186613291507,0.0007007817623306028,0.000706503559158306,0.0007162723590128851,0.0007222810897743792,0.0007294440377910939,0.000736693888521939,0.000748477146751325,0.0007641690377140925,0.0007812141204050622,0.0007989242331163698,0.000819033593607607,0.0008344490622133021,0.0008478364220081183,0.0008544869896306131,0.0008457733010976819,0.0008299023579953394,0.0008039055370078875,0.0007737591465153369,0.0007382491609192212,0.0007082578929833002,0.0006821057782216253,0.0006548861294242451,0.0006316285665787923,0.0006106153914715672,0.0005948841579298116,0.0005810004392732648,0.0005743145947093974,0.0005717922065365153,0.0005694117437282579,0.0005664100349305163,0.000565893758649604,0.0005671579115214511,0.0005684870062785393,0.0005700439797412919,0.0005708175876013614,0.0005719835643115176,0.0005765345425193219,0.0005837945741744256,0.0005917771973085715,0.0006051476893959723,0.0006226490605238669,0.0006444591700366447,0.0006597822717912506,0.0006677958705695832,0.0006743906386124264,0.0006829907088251971,0.0006899589933681867,0.0006823415320410961,0.0006913759770508677,0.0006924334453555994
0.0006833112584506522,0.0006784233802652055,0.000667958282635827,0.0006616459946821463,0.0006539868554821732,0.00064486061152337,0.0006370136218565503,0.0006325846880794989,0.000624748367800406,0.0006146530108631234,0.0006040091524079433,0.0005947114089810533,0.0005911828016720785,0.000589879951692674,0.0005887656049489613,0.0005879763677940604,0.0005874364930626541,0.0005888116375434101,0.0005892298800341707,0.0005887952061746791,0.0005874301196954432,0.0005871529002278949,0.0005891305318733232,0.0005938825256721699,0.000599730472540471,0.0006047261283311071,0.0006103294954912266,0.0006169912918610465,0.0006239128119094664,0.0006331488911912152,0.000643345950443872,0.0006498439482726481,0.0006543670668351349,0.0006541146151556015,0.0006497381878920886,0.0006448329505586585,0.0006443961442326671,0.0006489478938693703,0.0006574710687107973,0.00067004315027392,0.0006864837758221375,0.0007043041835353201,0.0007141530447338957,0.0007099471429010231,0.0006999743528140701,0.0006833847594698456,0.0006696315369003574,0.0006601302305433604,0.0006691409915602465,0.0006872238505723136,0.000710954040971394,0.0007286019911748253,0.0007422990654167676,0.0007384906126008819,0.0007283385604348886,0.0007180789890362397,0.0007107889886792996,0.0007041077977035243,0.000701819051318856,0.0007033692261157417,0.0007064718533342465,0.0006987655554538799,0.0006832135513227277,0.000664953183321423,0.0006494771842346488,0.0006393252933417186,0.0006306405320866045,0.0006210740731867725,0.0006106757722607198,0.0006003548573150873,0.000593959935881994,0.0005892206121541192,0.000585954283209502,0.0005815491858832648,0.0005759334530153832,0.0005725433325900513,0.0005714975050137582,0.0005745083875821424,0.0005810372535349592,0.0005876269098286043,0.000594661680173914,0.0006027103373440997,0.0006107267973072185,0.0006190170235317948,0.0006266891012909942,0.0006318991531063755,0.0006405270131924148,0.0006479698786298497,0.0006566822415693005,0.0006623453523997424,0.0006680387347370962,0.0006724546833802715,0.0006802690656839222,0.0006944965014843488,0.0007158028570906773,0.0007204300596194875,0.0007480695168886819,0.0007648883911222355
